Date,Umbrella/Star
03-01-2000,0
04-01-2000,0
05-01-2000,0
06-01-2000,0
07-01-2000,0
10-01-2000,0
11-01-2000,0
12-01-2000,0
13-01-2000,2
14-01-2000,1
17-01-2000,2
18-01-2000,1
19-01-2000,0
20-01-2000,0
21-01-2000,0
24-01-2000,2
25-01-2000,0
27-01-2000,2
28-01-2000,0
31-01-2000,0
01-02-2000,1
02-02-2000,0
03-02-2000,2
04-02-2000,2
07-02-2000,0
08-02-2000,0
09-02-2000,0
10-02-2000,0
11-02-2000,0
14-02-2000,0
15-02-2000,0
16-02-2000,2
17-02-2000,0
18-02-2000,0
21-02-2000,0
22-02-2000,0
23-02-2000,0
24-02-2000,0
25-02-2000,0
28-02-2000,1
29-02-2000,0
01-03-2000,0
02-03-2000,2
03-03-2000,0
06-03-2000,0
07-03-2000,0
08-03-2000,0
09-03-2000,0
10-03-2000,0
13-03-2000,0
14-03-2000,1
15-03-2000,0
16-03-2000,0
21-03-2000,0
22-03-2000,0
23-03-2000,0
24-03-2000,0
27-03-2000,2
28-03-2000,1
29-03-2000,2
30-03-2000,1
31-03-2000,1
03-04-2000,0
04-04-2000,0
05-04-2000,0
06-04-2000,0
07-04-2000,0
10-04-2000,0
11-04-2000,1
12-04-2000,0
13-04-2000,0
17-04-2000,0
18-04-2000,0
19-04-2000,0
20-04-2000,0
24-04-2000,0
25-04-2000,0
26-04-2000,0
27-04-2000,0
28-04-2000,0
02-05-2000,0
03-05-2000,0
04-05-2000,0
05-05-2000,0
08-05-2000,0
09-05-2000,0
10-05-2000,0
11-05-2000,0
12-05-2000,0
15-05-2000,0
16-05-2000,0
17-05-2000,0
18-05-2000,0
19-05-2000,0
22-05-2000,0
23-05-2000,1
24-05-2000,0
25-05-2000,2
26-05-2000,0
29-05-2000,0
30-05-2000,0
31-05-2000,0
01-06-2000,0
02-06-2000,0
05-06-2000,2
06-06-2000,0
07-06-2000,0
08-06-2000,0
09-06-2000,2
12-06-2000,0
13-06-2000,1
14-06-2000,0
15-06-2000,0
16-06-2000,0
19-06-2000,0
20-06-2000,0
21-06-2000,0
22-06-2000,0
23-06-2000,0
26-06-2000,0
27-06-2000,0
28-06-2000,0
29-06-2000,0
30-06-2000,0
03-07-2000,0
04-07-2000,0
05-07-2000,0
06-07-2000,0
07-07-2000,0
10-07-2000,0
11-07-2000,0
12-07-2000,0
13-07-2000,0
14-07-2000,0
17-07-2000,0
18-07-2000,0
19-07-2000,0
20-07-2000,0
21-07-2000,0
24-07-2000,0
25-07-2000,0
26-07-2000,0
27-07-2000,0
28-07-2000,2
31-07-2000,0
01-08-2000,0
02-08-2000,0
03-08-2000,0
04-08-2000,0
07-08-2000,0
08-08-2000,0
09-08-2000,0
10-08-2000,0
11-08-2000,0
14-08-2000,1
16-08-2000,0
17-08-2000,0
18-08-2000,0
21-08-2000,0
22-08-2000,0
23-08-2000,2
24-08-2000,1
25-08-2000,0
28-08-2000,0
29-08-2000,1
30-08-2000,0
31-08-2000,0
04-09-2000,0
05-09-2000,1
06-09-2000,0
07-09-2000,0
08-09-2000,0
11-09-2000,0
12-09-2000,0
13-09-2000,0
14-09-2000,0
15-09-2000,0
18-09-2000,0
19-09-2000,0
20-09-2000,0
21-09-2000,0
22-09-2000,0
25-09-2000,0
26-09-2000,0
27-09-2000,0
28-09-2000,0
29-09-2000,2
03-10-2000,0
04-10-2000,0
05-10-2000,0
06-10-2000,1
09-10-2000,0
10-10-2000,0
11-10-2000,0
12-10-2000,0
13-10-2000,0
16-10-2000,2
17-10-2000,0
18-10-2000,0
19-10-2000,0
20-10-2000,2
23-10-2000,0
24-10-2000,0
25-10-2000,0
26-10-2000,0
27-10-2000,0
30-10-2000,0
31-10-2000,1
01-11-2000,0
02-11-2000,0
03-11-2000,0
06-11-2000,2
07-11-2000,0
08-11-2000,0
09-11-2000,1
10-11-2000,0
13-11-2000,0
14-11-2000,0
15-11-2000,2
16-11-2000,0
17-11-2000,1
20-11-2000,1
21-11-2000,1
22-11-2000,0
23-11-2000,0
24-11-2000,0
27-11-2000,0
28-11-2000,0
29-11-2000,0
30-11-2000,0
01-12-2000,0
04-12-2000,0
05-12-2000,0
06-12-2000,0
07-12-2000,0
08-12-2000,0
11-12-2000,0
12-12-2000,0
13-12-2000,0
14-12-2000,2
15-12-2000,0
18-12-2000,0
19-12-2000,0
20-12-2000,0
21-12-2000,0
22-12-2000,0
26-12-2000,0
27-12-2000,0
28-12-2000,0
29-12-2000,0
01-01-2001,0
02-01-2001,0
03-01-2001,0
04-01-2001,0
05-01-2001,0
08-01-2001,0
09-01-2001,2
10-01-2001,0
11-01-2001,0
12-01-2001,0
15-01-2001,0
16-01-2001,0
17-01-2001,2
18-01-2001,0
19-01-2001,0
22-01-2001,0
23-01-2001,0
24-01-2001,0
25-01-2001,1
29-01-2001,0
30-01-2001,0
31-01-2001,0
01-02-2001,0
02-02-2001,0
05-02-2001,2
06-02-2001,0
07-02-2001,0
08-02-2001,0
09-02-2001,0
12-02-2001,2
13-02-2001,0
14-02-2001,1
15-02-2001,0
16-02-2001,0
19-02-2001,0
20-02-2001,0
21-02-2001,0
22-02-2001,0
23-02-2001,0
26-02-2001,0
27-02-2001,0
28-02-2001,0
01-03-2001,2
02-03-2001,0
05-03-2001,0
07-03-2001,0
08-03-2001,0
09-03-2001,0
12-03-2001,0
13-03-2001,0
14-03-2001,0
15-03-2001,0
16-03-2001,0
19-03-2001,0
20-03-2001,0
21-03-2001,0
22-03-2001,0
23-03-2001,0
26-03-2001,1
27-03-2001,0
28-03-2001,0
29-03-2001,0
30-03-2001,0
02-04-2001,1
03-04-2001,0
04-04-2001,0
06-04-2001,0
09-04-2001,0
10-04-2001,0
11-04-2001,0
12-04-2001,0
16-04-2001,0
17-04-2001,0
18-04-2001,0
19-04-2001,0
20-04-2001,0
23-04-2001,0
24-04-2001,1
25-04-2001,0
26-04-2001,0
27-04-2001,0
30-04-2001,0
02-05-2001,0
03-05-2001,0
04-05-2001,0
07-05-2001,0
08-05-2001,0
09-05-2001,0
10-05-2001,0
11-05-2001,0
14-05-2001,1
15-05-2001,1
16-05-2001,2
17-05-2001,0
18-05-2001,2
21-05-2001,2
22-05-2001,2
23-05-2001,0
24-05-2001,2
25-05-2001,0
28-05-2001,0
29-05-2001,0
30-05-2001,0
31-05-2001,0
01-06-2001,0
04-06-2001,0
05-06-2001,0
06-06-2001,2
07-06-2001,1
08-06-2001,0
11-06-2001,0
12-06-2001,0
13-06-2001,2
14-06-2001,0
15-06-2001,0
18-06-2001,0
19-06-2001,0
20-06-2001,1
21-06-2001,0
22-06-2001,0
25-06-2001,0
26-06-2001,0
27-06-2001,0
28-06-2001,1
29-06-2001,0
02-07-2001,0
03-07-2001,0
04-07-2001,0
05-07-2001,2
06-07-2001,0
09-07-2001,0
10-07-2001,0
11-07-2001,0
12-07-2001,0
13-07-2001,2
16-07-2001,0
17-07-2001,1
18-07-2001,0
19-07-2001,0
20-07-2001,0
23-07-2001,0
24-07-2001,0
25-07-2001,0
26-07-2001,0
27-07-2001,0
30-07-2001,0
31-07-2001,0
01-08-2001,0
02-08-2001,1
03-08-2001,0
06-08-2001,2
07-08-2001,2
08-08-2001,1
09-08-2001,1
10-08-2001,0
13-08-2001,0
14-08-2001,0
16-08-2001,0
17-08-2001,0
20-08-2001,2
21-08-2001,0
23-08-2001,2
24-08-2001,2
27-08-2001,0
28-08-2001,2
29-08-2001,0
30-08-2001,0
31-08-2001,0
03-09-2001,0
04-09-2001,1
05-09-2001,0
06-09-2001,0
07-09-2001,1
10-09-2001,2
11-09-2001,0
12-09-2001,0
13-09-2001,0
14-09-2001,0
17-09-2001,0
18-09-2001,0
19-09-2001,0
20-09-2001,1
21-09-2001,0
24-09-2001,0
25-09-2001,2
26-09-2001,0
27-09-2001,0
28-09-2001,0
01-10-2001,0
03-10-2001,0
04-10-2001,0
05-10-2001,0
08-10-2001,0
09-10-2001,0
10-10-2001,0
11-10-2001,0
12-10-2001,2
15-10-2001,1
16-10-2001,0
17-10-2001,0
18-10-2001,0
19-10-2001,0
22-10-2001,2
23-10-2001,0
24-10-2001,0
25-10-2001,0
29-10-2001,2
30-10-2001,0
31-10-2001,0
01-11-2001,0
02-11-2001,2
05-11-2001,0
06-11-2001,0
07-11-2001,0
08-11-2001,0
09-11-2001,0
12-11-2001,0
13-11-2001,0
14-11-2001,0
15-11-2001,0
19-11-2001,0
20-11-2001,0
21-11-2001,0
22-11-2001,2
23-11-2001,2
26-11-2001,0
27-11-2001,0
28-11-2001,0
29-11-2001,0
03-12-2001,2
04-12-2001,0
05-12-2001,0
06-12-2001,2
07-12-2001,2
10-12-2001,2
11-12-2001,2
12-12-2001,2
13-12-2001,0
14-12-2001,0
18-12-2001,0
19-12-2001,0
20-12-2001,1
21-12-2001,0
24-12-2001,1
26-12-2001,0
27-12-2001,0
28-12-2001,0
31-12-2001,0
01-01-2002,2
02-01-2002,0
03-01-2002,0
04-01-2002,0
07-01-2002,0
08-01-2002,0
09-01-2002,0
10-01-2002,0
11-01-2002,0
14-01-2002,0
15-01-2002,0
16-01-2002,2
17-01-2002,0
18-01-2002,0
21-01-2002,0
22-01-2002,2
23-01-2002,0
24-01-2002,2
25-01-2002,0
28-01-2002,0
29-01-2002,1
30-01-2002,0
31-01-2002,0
01-02-2002,0
04-02-2002,0
05-02-2002,1
06-02-2002,0
07-02-2002,0
08-02-2002,0
11-02-2002,0
12-02-2002,2
13-02-2002,0
14-02-2002,0
15-02-2002,0
18-02-2002,0
19-02-2002,0
20-02-2002,0
21-02-2002,2
22-02-2002,0
25-02-2002,1
26-02-2002,0
27-02-2002,0
28-02-2002,0
01-03-2002,0
04-03-2002,0
05-03-2002,2
06-03-2002,0
07-03-2002,0
08-03-2002,0
11-03-2002,0
12-03-2002,0
13-03-2002,0
14-03-2002,0
15-03-2002,0
18-03-2002,0
19-03-2002,0
20-03-2002,0
21-03-2002,0
22-03-2002,0
26-03-2002,0
27-03-2002,0
28-03-2002,0
01-04-2002,0
02-04-2002,0
03-04-2002,0
04-04-2002,0
05-04-2002,0
08-04-2002,0
09-04-2002,0
10-04-2002,0
11-04-2002,0
12-04-2002,0
15-04-2002,0
16-04-2002,0
17-04-2002,0
18-04-2002,0
19-04-2002,0
22-04-2002,1
23-04-2002,1
24-04-2002,0
25-04-2002,0
26-04-2002,0
29-04-2002,0
30-04-2002,0
02-05-2002,0
03-05-2002,0
06-05-2002,0
07-05-2002,0
08-05-2002,0
09-05-2002,0
10-05-2002,0
13-05-2002,0
14-05-2002,0
15-05-2002,0
16-05-2002,0
17-05-2002,0
20-05-2002,0
21-05-2002,0
22-05-2002,1
23-05-2002,0
24-05-2002,0
27-05-2002,1
28-05-2002,0
29-05-2002,0
30-05-2002,0
31-05-2002,0
03-06-2002,0
04-06-2002,0
05-06-2002,0
06-06-2002,0
07-06-2002,0
10-06-2002,0
11-06-2002,0
12-06-2002,0
13-06-2002,0
14-06-2002,0
17-06-2002,2
18-06-2002,0
19-06-2002,0
20-06-2002,0
21-06-2002,0
24-06-2002,0
25-06-2002,0
26-06-2002,0
27-06-2002,0
28-06-2002,0
01-07-2002,0
02-07-2002,1
03-07-2002,0
04-07-2002,0
05-07-2002,0
08-07-2002,0
09-07-2002,0
10-07-2002,0
11-07-2002,0
12-07-2002,2
15-07-2002,0
16-07-2002,0
17-07-2002,1
18-07-2002,0
19-07-2002,0
22-07-2002,0
23-07-2002,0
24-07-2002,0
25-07-2002,2
26-07-2002,0
29-07-2002,0
30-07-2002,0
31-07-2002,1
01-08-2002,0
02-08-2002,1
05-08-2002,0
06-08-2002,1
07-08-2002,2
08-08-2002,0
09-08-2002,0
12-08-2002,0
13-08-2002,0
14-08-2002,0
16-08-2002,0
19-08-2002,1
20-08-2002,0
21-08-2002,0
22-08-2002,2
23-08-2002,0
26-08-2002,0
27-08-2002,0
28-08-2002,1
29-08-2002,1
30-08-2002,0
02-09-2002,2
03-09-2002,0
04-09-2002,0
05-09-2002,2
06-09-2002,0
09-09-2002,0
11-09-2002,1
12-09-2002,0
13-09-2002,0
16-09-2002,0
17-09-2002,0
18-09-2002,0
19-09-2002,0
20-09-2002,0
23-09-2002,1
24-09-2002,0
25-09-2002,0
26-09-2002,0
27-09-2002,0
30-09-2002,0
01-10-2002,0
03-10-2002,0
04-10-2002,1
07-10-2002,0
08-10-2002,0
09-10-2002,0
10-10-2002,1
11-10-2002,0
14-10-2002,1
16-10-2002,2
17-10-2002,1
18-10-2002,2
21-10-2002,0
22-10-2002,0
23-10-2002,0
24-10-2002,0
25-10-2002,0
28-10-2002,0
29-10-2002,0
30-10-2002,2
31-10-2002,0
01-11-2002,0
04-11-2002,0
05-11-2002,1
07-11-2002,2
08-11-2002,0
11-11-2002,0
12-11-2002,0
13-11-2002,0
14-11-2002,0
15-11-2002,0
18-11-2002,0
20-11-2002,0
21-11-2002,0
22-11-2002,0
25-11-2002,0
26-11-2002,0
27-11-2002,0
28-11-2002,0
29-11-2002,0
02-12-2002,0
03-12-2002,0
04-12-2002,0
05-12-2002,0
06-12-2002,0
09-12-2002,0
10-12-2002,1
11-12-2002,0
12-12-2002,0
13-12-2002,0
16-12-2002,0
17-12-2002,0
18-12-2002,0
19-12-2002,1
20-12-2002,0
23-12-2002,0
24-12-2002,0
26-12-2002,0
27-12-2002,2
30-12-2002,0
31-12-2002,2
01-01-2003,0
02-01-2003,0
03-01-2003,0
06-01-2003,0
07-01-2003,2
08-01-2003,0
09-01-2003,0
10-01-2003,0
13-01-2003,0
14-01-2003,0
15-01-2003,0
16-01-2003,0
17-01-2003,0
20-01-2003,0
21-01-2003,0
22-01-2003,0
23-01-2003,0
24-01-2003,0
27-01-2003,0
28-01-2003,0
29-01-2003,0
30-01-2003,2
31-01-2003,0
03-02-2003,0
04-02-2003,0
05-02-2003,0
06-02-2003,0
07-02-2003,0
10-02-2003,0
11-02-2003,0
12-02-2003,0
14-02-2003,0
17-02-2003,0
18-02-2003,0
19-02-2003,0
20-02-2003,0
21-02-2003,1
24-02-2003,0
25-02-2003,0
26-02-2003,0
27-02-2003,0
28-02-2003,0
03-03-2003,0
04-03-2003,0
05-03-2003,0
06-03-2003,0
07-03-2003,0
10-03-2003,0
11-03-2003,0
12-03-2003,0
13-03-2003,1
17-03-2003,0
19-03-2003,0
20-03-2003,0
21-03-2003,0
22-03-2003,0
24-03-2003,0
25-03-2003,1
26-03-2003,0
27-03-2003,0
28-03-2003,0
31-03-2003,0
01-04-2003,0
02-04-2003,0
03-04-2003,0
04-04-2003,0
07-04-2003,0
08-04-2003,0
09-04-2003,0
10-04-2003,0
11-04-2003,0
15-04-2003,0
16-04-2003,0
17-04-2003,0
21-04-2003,0
22-04-2003,0
23-04-2003,0
24-04-2003,0
25-04-2003,0
28-04-2003,0
29-04-2003,0
30-04-2003,1
02-05-2003,0
05-05-2003,0
06-05-2003,0
07-05-2003,0
08-05-2003,0
09-05-2003,0
12-05-2003,2
13-05-2003,0
14-05-2003,0
15-05-2003,0
16-05-2003,0
19-05-2003,0
20-05-2003,0
21-05-2003,2
22-05-2003,0
23-05-2003,0
26-05-2003,0
27-05-2003,0
28-05-2003,0
29-05-2003,0
30-05-2003,0
02-06-2003,0
03-06-2003,0
04-06-2003,0
05-06-2003,0
06-06-2003,0
09-06-2003,0
10-06-2003,0
11-06-2003,0
12-06-2003,0
13-06-2003,0
16-06-2003,0
17-06-2003,0
18-06-2003,0
19-06-2003,0
20-06-2003,0
23-06-2003,0
24-06-2003,0
25-06-2003,0
26-06-2003,0
27-06-2003,0
30-06-2003,0
01-07-2003,0
02-07-2003,2
03-07-2003,0
04-07-2003,0
07-07-2003,1
08-07-2003,0
09-07-2003,0
10-07-2003,0
11-07-2003,0
14-07-2003,0
15-07-2003,0
16-07-2003,0
17-07-2003,0
18-07-2003,0
21-07-2003,0
22-07-2003,1
23-07-2003,0
24-07-2003,0
25-07-2003,0
28-07-2003,0
29-07-2003,1
30-07-2003,0
31-07-2003,2
01-08-2003,0
04-08-2003,0
05-08-2003,0
06-08-2003,0
07-08-2003,0
08-08-2003,0
11-08-2003,0
12-08-2003,0
13-08-2003,0
14-08-2003,0
18-08-2003,0
19-08-2003,0
20-08-2003,0
21-08-2003,0
22-08-2003,0
25-08-2003,0
26-08-2003,0
27-08-2003,0
28-08-2003,0
29-08-2003,0
01-09-2003,0
02-09-2003,0
03-09-2003,0
04-09-2003,0
05-09-2003,0
08-09-2003,0
09-09-2003,0
10-09-2003,1
11-09-2003,0
12-09-2003,0
15-09-2003,0
16-09-2003,0
17-09-2003,0
18-09-2003,0
19-09-2003,0
22-09-2003,0
23-09-2003,0
24-09-2003,0
25-09-2003,0
26-09-2003,0
29-09-2003,0
30-09-2003,0
01-10-2003,0
03-10-2003,0
06-10-2003,0
07-10-2003,0
08-10-2003,0
09-10-2003,0
10-10-2003,0
13-10-2003,0
14-10-2003,0
15-10-2003,0
16-10-2003,0
17-10-2003,1
20-10-2003,0
21-10-2003,0
22-10-2003,0
23-10-2003,0
24-10-2003,1
25-10-2003,0
27-10-2003,0
28-10-2003,0
29-10-2003,0
30-10-2003,0
31-10-2003,0
03-11-2003,0
04-11-2003,0
05-11-2003,0
06-11-2003,0
07-11-2003,0
10-11-2003,1
11-11-2003,0
12-11-2003,2
13-11-2003,0
14-11-2003,0
15-11-2003,0
17-11-2003,0
18-11-2003,0
19-11-2003,0
20-11-2003,0
21-11-2003,0
24-11-2003,2
25-11-2003,0
27-11-2003,0
28-11-2003,0
01-12-2003,0
02-12-2003,0
03-12-2003,0
04-12-2003,0
05-12-2003,0
08-12-2003,1
09-12-2003,0
10-12-2003,0
11-12-2003,0
12-12-2003,1
15-12-2003,0
16-12-2003,0
17-12-2003,0
18-12-2003,0
19-12-2003,0
22-12-2003,0
23-12-2003,0
24-12-2003,0
26-12-2003,0
29-12-2003,0
30-12-2003,0
31-12-2003,0
01-01-2004,0
02-01-2004,0
05-01-2004,0
06-01-2004,0
07-01-2004,1
08-01-2004,0
09-01-2004,0
12-01-2004,0
13-01-2004,0
14-01-2004,1
15-01-2004,0
16-01-2004,0
19-01-2004,0
20-01-2004,0
21-01-2004,0
22-01-2004,0
23-01-2004,0
27-01-2004,0
28-01-2004,0
29-01-2004,0
30-01-2004,0
03-02-2004,0
04-02-2004,0
05-02-2004,0
06-02-2004,0
09-02-2004,0
10-02-2004,0
11-02-2004,1
12-02-2004,0
13-02-2004,0
16-02-2004,0
17-02-2004,0
18-02-2004,2
19-02-2004,0
20-02-2004,0
23-02-2004,0
24-02-2004,1
25-02-2004,0
26-02-2004,0
27-02-2004,0
01-03-2004,0
03-03-2004,0
04-03-2004,0
05-03-2004,0
08-03-2004,0
09-03-2004,0
10-03-2004,0
11-03-2004,0
12-03-2004,1
15-03-2004,0
16-03-2004,0
17-03-2004,0
18-03-2004,0
19-03-2004,0
22-03-2004,0
23-03-2004,0
24-03-2004,1
25-03-2004,0
26-03-2004,0
29-03-2004,0
30-03-2004,0
31-03-2004,0
01-04-2004,0
02-04-2004,1
05-04-2004,0
06-04-2004,0
07-04-2004,0
08-04-2004,0
12-04-2004,0
13-04-2004,0
15-04-2004,0
16-04-2004,2
17-04-2004,1
19-04-2004,0
20-04-2004,1
21-04-2004,0
22-04-2004,0
23-04-2004,0
27-04-2004,0
28-04-2004,0
29-04-2004,1
30-04-2004,0
03-05-2004,0
04-05-2004,0
05-05-2004,0
06-05-2004,0
07-05-2004,0
10-05-2004,0
11-05-2004,0
12-05-2004,0
13-05-2004,0
14-05-2004,0
17-05-2004,0
18-05-2004,0
19-05-2004,0
20-05-2004,0
21-05-2004,1
24-05-2004,0
25-05-2004,0
26-05-2004,0
27-05-2004,0
28-05-2004,0
31-05-2004,0
01-06-2004,0
02-06-2004,0
03-06-2004,0
04-06-2004,0
07-06-2004,0
08-06-2004,1
09-06-2004,0
10-06-2004,1
11-06-2004,0
14-06-2004,0
15-06-2004,0
16-06-2004,2
17-06-2004,0
18-06-2004,0
21-06-2004,0
22-06-2004,0
23-06-2004,0
24-06-2004,0
25-06-2004,0
28-06-2004,0
29-06-2004,0
30-06-2004,0
01-07-2004,0
02-07-2004,0
05-07-2004,0
06-07-2004,0
07-07-2004,0
08-07-2004,0
09-07-2004,0
12-07-2004,0
13-07-2004,0
14-07-2004,0
15-07-2004,0
16-07-2004,0
19-07-2004,0
20-07-2004,0
21-07-2004,0
22-07-2004,0
23-07-2004,0
26-07-2004,0
27-07-2004,0
28-07-2004,0
29-07-2004,0
30-07-2004,0
02-08-2004,0
03-08-2004,0
04-08-2004,0
05-08-2004,0
06-08-2004,0
09-08-2004,0
10-08-2004,0
11-08-2004,0
12-08-2004,0
13-08-2004,0
16-08-2004,1
17-08-2004,0
18-08-2004,0
19-08-2004,0
20-08-2004,0
23-08-2004,0
24-08-2004,0
25-08-2004,0
26-08-2004,0
27-08-2004,1
30-08-2004,0
31-08-2004,1
01-09-2004,0
02-09-2004,0
03-09-2004,0
06-09-2004,0
07-09-2004,0
08-09-2004,0
09-09-2004,0
10-09-2004,0
13-09-2004,0
14-09-2004,0
15-09-2004,0
16-09-2004,0
17-09-2004,0
20-09-2004,0
21-09-2004,0
22-09-2004,1
23-09-2004,0
24-09-2004,2
27-09-2004,0
28-09-2004,0
29-09-2004,0
30-09-2004,0
01-10-2004,0
04-10-2004,0
05-10-2004,0
06-10-2004,0
07-10-2004,0
08-10-2004,0
09-10-2004,0
11-10-2004,0
12-10-2004,0
14-10-2004,0
15-10-2004,0
18-10-2004,0
19-10-2004,0
20-10-2004,0
21-10-2004,0
25-10-2004,0
26-10-2004,1
27-10-2004,0
28-10-2004,0
29-10-2004,0
01-11-2004,0
02-11-2004,0
03-11-2004,0
04-11-2004,2
05-11-2004,0
08-11-2004,0
09-11-2004,0
10-11-2004,0
11-11-2004,0
12-11-2004,0
16-11-2004,0
17-11-2004,0
18-11-2004,1
19-11-2004,0
22-11-2004,1
23-11-2004,0
24-11-2004,0
25-11-2004,0
29-11-2004,0
30-11-2004,0
01-12-2004,1
02-12-2004,0
03-12-2004,2
06-12-2004,2
07-12-2004,1
08-12-2004,0
09-12-2004,0
10-12-2004,0
13-12-2004,0
14-12-2004,0
15-12-2004,0
16-12-2004,1
17-12-2004,0
20-12-2004,0
21-12-2004,0
22-12-2004,2
23-12-2004,0
24-12-2004,0
27-12-2004,0
28-12-2004,0
29-12-2004,0
30-12-2004,0
31-12-2004,0
03-01-2005,0
04-01-2005,0
05-01-2005,0
06-01-2005,0
07-01-2005,0
10-01-2005,0
11-01-2005,0
12-01-2005,0
13-01-2005,0
14-01-2005,0
17-01-2005,0
18-01-2005,0
19-01-2005,0
20-01-2005,0
24-01-2005,0
25-01-2005,0
27-01-2005,0
28-01-2005,0
31-01-2005,0
01-02-2005,0
02-02-2005,0
03-02-2005,0
04-02-2005,0
07-02-2005,0
08-02-2005,1
09-02-2005,0
10-02-2005,1
11-02-2005,0
14-02-2005,0
15-02-2005,0
16-02-2005,0
17-02-2005,1
18-02-2005,2
21-02-2005,0
22-02-2005,0
23-02-2005,1
24-02-2005,2
25-02-2005,2
28-02-2005,0
01-03-2005,0
02-03-2005,0
03-03-2005,0
04-03-2005,0
07-03-2005,0
08-03-2005,0
09-03-2005,0
10-03-2005,1
11-03-2005,0
14-03-2005,0
15-03-2005,0
16-03-2005,2
17-03-2005,0
18-03-2005,0
21-03-2005,0
22-03-2005,0
23-03-2005,0
24-03-2005,0
28-03-2005,0
29-03-2005,0
30-03-2005,0
31-03-2005,0
01-04-2005,0
04-04-2005,1
05-04-2005,0
06-04-2005,0
07-04-2005,0
08-04-2005,0
11-04-2005,0
12-04-2005,0
13-04-2005,0
15-04-2005,0
18-04-2005,0
19-04-2005,0
20-04-2005,0
21-04-2005,0
22-04-2005,0
25-04-2005,1
26-04-2005,0
27-04-2005,0
28-04-2005,1
29-04-2005,0
02-05-2005,0
03-05-2005,2
04-05-2005,0
05-05-2005,0
06-05-2005,0
09-05-2005,0
10-05-2005,0
11-05-2005,1
12-05-2005,0
13-05-2005,1
16-05-2005,0
17-05-2005,0
18-05-2005,1
19-05-2005,2
20-05-2005,1
23-05-2005,0
24-05-2005,0
25-05-2005,0
26-05-2005,0
27-05-2005,2
30-05-2005,2
31-05-2005,0
01-06-2005,1
02-06-2005,0
03-06-2005,0
04-06-2005,1
06-06-2005,0
07-06-2005,0
08-06-2005,0
09-06-2005,0
10-06-2005,2
13-06-2005,0
14-06-2005,0
15-06-2005,0
16-06-2005,0
17-06-2005,1
20-06-2005,0
21-06-2005,0
22-06-2005,0
23-06-2005,1
24-06-2005,1
27-06-2005,2
28-06-2005,0
29-06-2005,0
30-06-2005,0
01-07-2005,0
04-07-2005,0
05-07-2005,0
06-07-2005,0
07-07-2005,0
08-07-2005,0
11-07-2005,0
12-07-2005,0
13-07-2005,0
14-07-2005,0
15-07-2005,0
18-07-2005,0
19-07-2005,1
20-07-2005,2
21-07-2005,0
22-07-2005,0
25-07-2005,0
26-07-2005,0
27-07-2005,0
29-07-2005,0
01-08-2005,0
02-08-2005,0
03-08-2005,0
04-08-2005,0
05-08-2005,0
08-08-2005,0
09-08-2005,0
10-08-2005,0
11-08-2005,0
12-08-2005,0
16-08-2005,0
17-08-2005,0
18-08-2005,0
19-08-2005,0
22-08-2005,0
23-08-2005,0
24-08-2005,1
25-08-2005,0
26-08-2005,1
29-08-2005,0
30-08-2005,0
31-08-2005,0
01-09-2005,0
02-09-2005,0
05-09-2005,2
06-09-2005,0
08-09-2005,0
09-09-2005,0
12-09-2005,0
13-09-2005,0
14-09-2005,0
15-09-2005,0
16-09-2005,0
19-09-2005,0
20-09-2005,0
21-09-2005,1
22-09-2005,0
23-09-2005,0
26-09-2005,0
27-09-2005,0
28-09-2005,0
29-09-2005,0
30-09-2005,0
03-10-2005,0
04-10-2005,0
05-10-2005,0
06-10-2005,0
07-10-2005,0
10-10-2005,0
11-10-2005,0
13-10-2005,0
14-10-2005,0
17-10-2005,1
18-10-2005,0
19-10-2005,0
20-10-2005,0
21-10-2005,0
24-10-2005,0
25-10-2005,0
26-10-2005,0
27-10-2005,0
28-10-2005,0
31-10-2005,0
01-11-2005,0
02-11-2005,0
07-11-2005,0
08-11-2005,0
09-11-2005,0
10-11-2005,0
11-11-2005,0
14-11-2005,0
16-11-2005,0
17-11-2005,0
18-11-2005,0
21-11-2005,0
22-11-2005,0
23-11-2005,0
24-11-2005,0
25-11-2005,0
26-11-2005,0
28-11-2005,0
29-11-2005,0
30-11-2005,0
01-12-2005,0
02-12-2005,0
05-12-2005,0
06-12-2005,0
07-12-2005,0
08-12-2005,0
09-12-2005,0
12-12-2005,0
13-12-2005,0
14-12-2005,0
15-12-2005,0
16-12-2005,0
19-12-2005,0
20-12-2005,0
21-12-2005,0
22-12-2005,0
23-12-2005,0
26-12-2005,0
27-12-2005,0
28-12-2005,0
29-12-2005,0
30-12-2005,0
02-01-2006,1
03-01-2006,0
04-01-2006,0
05-01-2006,1
06-01-2006,0
09-01-2006,1
10-01-2006,0
12-01-2006,0
13-01-2006,0
16-01-2006,0
17-01-2006,2
18-01-2006,0
19-01-2006,0
20-01-2006,0
23-01-2006,0
24-01-2006,0
25-01-2006,0
27-01-2006,0
30-01-2006,2
31-01-2006,0
01-02-2006,0
02-02-2006,0
03-02-2006,0
06-02-2006,0
07-02-2006,0
08-02-2006,1
10-02-2006,0
13-02-2006,0
14-02-2006,0
15-02-2006,0
16-02-2006,1
17-02-2006,0
20-02-2006,0
21-02-2006,0
22-02-2006,0
23-02-2006,0
24-02-2006,0
27-02-2006,0
28-02-2006,0
01-03-2006,0
02-03-2006,0
03-03-2006,0
06-03-2006,0
07-03-2006,1
08-03-2006,0
09-03-2006,1
10-03-2006,0
13-03-2006,0
14-03-2006,0
16-03-2006,0
17-03-2006,2
20-03-2006,0
21-03-2006,0
22-03-2006,0
23-03-2006,0
24-03-2006,0
27-03-2006,0
28-03-2006,0
29-03-2006,0
30-03-2006,0
31-03-2006,0
03-04-2006,0
04-04-2006,2
05-04-2006,0
07-04-2006,0
10-04-2006,0
12-04-2006,0
13-04-2006,0
17-04-2006,0
18-04-2006,0
19-04-2006,0
20-04-2006,0
21-04-2006,1
24-04-2006,0
25-04-2006,0
26-04-2006,0
27-04-2006,0
28-04-2006,1
29-04-2006,0
02-05-2006,0
03-05-2006,0
04-05-2006,0
05-05-2006,0
08-05-2006,0
09-05-2006,0
10-05-2006,0
11-05-2006,0
12-05-2006,0
15-05-2006,0
16-05-2006,0
17-05-2006,0
18-05-2006,0
19-05-2006,0
22-05-2006,0
23-05-2006,0
24-05-2006,0
25-05-2006,0
26-05-2006,2
29-05-2006,2
30-05-2006,0
31-05-2006,0
01-06-2006,0
02-06-2006,0
05-06-2006,0
06-06-2006,0
07-06-2006,0
08-06-2006,0
09-06-2006,0
12-06-2006,0
13-06-2006,0
14-06-2006,0
15-06-2006,0
16-06-2006,0
19-06-2006,0
20-06-2006,0
21-06-2006,0
22-06-2006,0
23-06-2006,0
25-06-2006,2
26-06-2006,0
27-06-2006,0
28-06-2006,0
29-06-2006,2
30-06-2006,0
03-07-2006,0
04-07-2006,2
05-07-2006,0
06-07-2006,0
07-07-2006,0
10-07-2006,0
11-07-2006,0
12-07-2006,0
13-07-2006,0
14-07-2006,0
17-07-2006,0
18-07-2006,0
19-07-2006,0
20-07-2006,0
21-07-2006,0
24-07-2006,0
25-07-2006,0
26-07-2006,0
27-07-2006,0
28-07-2006,0
31-07-2006,0
01-08-2006,0
02-08-2006,0
03-08-2006,2
04-08-2006,2
07-08-2006,0
08-08-2006,0
09-08-2006,0
10-08-2006,1
11-08-2006,0
14-08-2006,0
16-08-2006,0
17-08-2006,0
18-08-2006,1
21-08-2006,1
22-08-2006,0
23-08-2006,0
24-08-2006,0
25-08-2006,0
28-08-2006,0
29-08-2006,0
30-08-2006,1
31-08-2006,2
01-09-2006,0
04-09-2006,0
05-09-2006,1
06-09-2006,1
07-09-2006,0
08-09-2006,0
11-09-2006,0
12-09-2006,0
13-09-2006,0
14-09-2006,0
15-09-2006,1
18-09-2006,0
19-09-2006,0
20-09-2006,0
21-09-2006,0
22-09-2006,0
25-09-2006,0
26-09-2006,0
27-09-2006,2
28-09-2006,0
29-09-2006,0
03-10-2006,0
04-10-2006,0
05-10-2006,0
06-10-2006,2
09-10-2006,1
10-10-2006,2
11-10-2006,0
12-10-2006,0
13-10-2006,0
16-10-2006,0
17-10-2006,1
18-10-2006,1
19-10-2006,0
20-10-2006,0
21-10-2006,0
23-10-2006,0
26-10-2006,0
27-10-2006,0
30-10-2006,0
31-10-2006,0
01-11-2006,0
02-11-2006,0
03-11-2006,0
06-11-2006,2
07-11-2006,2
08-11-2006,0
09-11-2006,0
10-11-2006,0
13-11-2006,0
14-11-2006,1
15-11-2006,1
16-11-2006,0
17-11-2006,0
20-11-2006,1
21-11-2006,0
22-11-2006,0
23-11-2006,2
24-11-2006,2
27-11-2006,1
28-11-2006,0
29-11-2006,2
30-11-2006,0
01-12-2006,0
04-12-2006,1
05-12-2006,0
06-12-2006,0
07-12-2006,1
08-12-2006,0
11-12-2006,0
12-12-2006,0
13-12-2006,0
14-12-2006,0
15-12-2006,0
18-12-2006,0
19-12-2006,0
20-12-2006,0
21-12-2006,1
22-12-2006,0
26-12-2006,0
27-12-2006,0
28-12-2006,0
29-12-2006,2
02-01-2007,0
03-01-2007,0
04-01-2007,0
05-01-2007,0
08-01-2007,0
09-01-2007,0
10-01-2007,0
11-01-2007,0
12-01-2007,0
15-01-2007,0
16-01-2007,0
17-01-2007,0
18-01-2007,0
19-01-2007,0
22-01-2007,0
23-01-2007,0
24-01-2007,0
25-01-2007,0
29-01-2007,0
31-01-2007,0
01-02-2007,0
02-02-2007,0
05-02-2007,0
06-02-2007,0
07-02-2007,0
08-02-2007,1
09-02-2007,0
12-02-2007,0
13-02-2007,0
14-02-2007,1
15-02-2007,0
19-02-2007,0
20-02-2007,0
21-02-2007,2
22-02-2007,0
23-02-2007,0
26-02-2007,1
27-02-2007,0
28-02-2007,0
01-03-2007,0
02-03-2007,0
05-03-2007,0
06-03-2007,0
07-03-2007,0
08-03-2007,0
09-03-2007,0
12-03-2007,2
13-03-2007,0
14-03-2007,0
15-03-2007,0
16-03-2007,0
19-03-2007,0
20-03-2007,0
21-03-2007,0
22-03-2007,0
23-03-2007,0
26-03-2007,0
28-03-2007,0
29-03-2007,0
30-03-2007,0
02-04-2007,0
03-04-2007,0
04-04-2007,0
05-04-2007,0
09-04-2007,0
10-04-2007,1
11-04-2007,0
12-04-2007,0
13-04-2007,0
16-04-2007,0
17-04-2007,0
18-04-2007,0
19-04-2007,1
20-04-2007,0
23-04-2007,0
24-04-2007,0
25-04-2007,0
26-04-2007,0
27-04-2007,0
30-04-2007,1
03-05-2007,0
04-05-2007,0
07-05-2007,2
08-05-2007,0
09-05-2007,1
10-05-2007,2
11-05-2007,1
14-05-2007,0
15-05-2007,0
16-05-2007,0
17-05-2007,0
18-05-2007,1
21-05-2007,0
22-05-2007,0
23-05-2007,0
24-05-2007,0
25-05-2007,0
28-05-2007,2
29-05-2007,0
30-05-2007,0
31-05-2007,0
01-06-2007,0
04-06-2007,0
05-06-2007,0
06-06-2007,0
07-06-2007,0
08-06-2007,0
11-06-2007,0
12-06-2007,1
13-06-2007,0
14-06-2007,0
15-06-2007,0
18-06-2007,0
19-06-2007,0
20-06-2007,0
21-06-2007,0
22-06-2007,0
25-06-2007,0
26-06-2007,0
27-06-2007,0
28-06-2007,0
29-06-2007,0
02-07-2007,2
03-07-2007,0
04-07-2007,0
05-07-2007,1
06-07-2007,0
09-07-2007,0
10-07-2007,0
11-07-2007,1
12-07-2007,0
13-07-2007,0
16-07-2007,0
17-07-2007,0
18-07-2007,1
19-07-2007,0
20-07-2007,0
23-07-2007,0
24-07-2007,0
25-07-2007,0
26-07-2007,0
27-07-2007,0
30-07-2007,0
31-07-2007,0
01-08-2007,0
02-08-2007,0
03-08-2007,0
06-08-2007,0
07-08-2007,2
08-08-2007,0
09-08-2007,0
10-08-2007,0
13-08-2007,0
14-08-2007,1
16-08-2007,0
17-08-2007,0
20-08-2007,0
21-08-2007,0
22-08-2007,0
23-08-2007,0
24-08-2007,0
27-08-2007,0
28-08-2007,0
29-08-2007,1
30-08-2007,0
31-08-2007,0
03-09-2007,0
04-09-2007,1
05-09-2007,0
06-09-2007,0
07-09-2007,2
10-09-2007,1
11-09-2007,2
12-09-2007,0
13-09-2007,0
14-09-2007,2
17-09-2007,0
18-09-2007,0
19-09-2007,0
20-09-2007,0
21-09-2007,0
24-09-2007,0
25-09-2007,1
26-09-2007,0
27-09-2007,0
28-09-2007,0
01-10-2007,0
03-10-2007,0
04-10-2007,1
05-10-2007,0
08-10-2007,0
09-10-2007,0
10-10-2007,0
11-10-2007,0
12-10-2007,0
15-10-2007,0
16-10-2007,0
17-10-2007,1
18-10-2007,0
19-10-2007,0
22-10-2007,0
23-10-2007,0
24-10-2007,0
25-10-2007,0
26-10-2007,0
29-10-2007,0
30-10-2007,0
31-10-2007,0
01-11-2007,2
02-11-2007,0
05-11-2007,0
06-11-2007,0
07-11-2007,0
08-11-2007,0
09-11-2007,0
12-11-2007,1
13-11-2007,0
14-11-2007,0
15-11-2007,0
16-11-2007,0
19-11-2007,0
20-11-2007,0
21-11-2007,0
22-11-2007,0
23-11-2007,0
26-11-2007,0
27-11-2007,0
28-11-2007,0
29-11-2007,2
30-11-2007,0
03-12-2007,0
04-12-2007,2
05-12-2007,0
06-12-2007,2
07-12-2007,0
10-12-2007,0
11-12-2007,0
12-12-2007,0
13-12-2007,0
14-12-2007,1
17-12-2007,0
18-12-2007,0
19-12-2007,0
20-12-2007,2
24-12-2007,0
26-12-2007,0
27-12-2007,2
28-12-2007,1
31-12-2007,0
01-01-2008,1
02-01-2008,1
03-01-2008,0
04-01-2008,0
07-01-2008,1
08-01-2008,0
09-01-2008,0
10-01-2008,0
11-01-2008,0
14-01-2008,0
15-01-2008,0
16-01-2008,0
17-01-2008,0
18-01-2008,0
21-01-2008,0
22-01-2008,0
23-01-2008,0
24-01-2008,0
25-01-2008,0
28-01-2008,0
29-01-2008,0
30-01-2008,0
31-01-2008,0
01-02-2008,0
04-02-2008,0
05-02-2008,1
06-02-2008,0
07-02-2008,0
08-02-2008,0
11-02-2008,0
12-02-2008,0
13-02-2008,0
14-02-2008,0
15-02-2008,0
18-02-2008,0
19-02-2008,0
20-02-2008,0
21-02-2008,0
22-02-2008,0
25-02-2008,0
26-02-2008,0
27-02-2008,0
28-02-2008,1
29-02-2008,1
03-03-2008,0
04-03-2008,0
05-03-2008,0
07-03-2008,0
10-03-2008,1
11-03-2008,0
12-03-2008,0
13-03-2008,0
14-03-2008,0
17-03-2008,0
18-03-2008,0
19-03-2008,2
24-03-2008,0
25-03-2008,0
26-03-2008,0
27-03-2008,0
28-03-2008,0
31-03-2008,0
01-04-2008,0
02-04-2008,2
03-04-2008,2
04-04-2008,0
07-04-2008,0
08-04-2008,0
09-04-2008,0
10-04-2008,2
11-04-2008,0
15-04-2008,0
16-04-2008,2
17-04-2008,0
21-04-2008,0
22-04-2008,1
23-04-2008,0
24-04-2008,2
25-04-2008,0
28-04-2008,0
29-04-2008,0
30-04-2008,0
02-05-2008,0
05-05-2008,0
06-05-2008,0
07-05-2008,0
08-05-2008,0
09-05-2008,0
12-05-2008,1
13-05-2008,0
14-05-2008,0
15-05-2008,0
16-05-2008,0
20-05-2008,0
21-05-2008,1
22-05-2008,0
23-05-2008,0
26-05-2008,0
27-05-2008,2
28-05-2008,0
29-05-2008,0
30-05-2008,0
02-06-2008,0
03-06-2008,1
04-06-2008,0
05-06-2008,0
06-06-2008,0
09-06-2008,0
10-06-2008,0
11-06-2008,0
12-06-2008,1
13-06-2008,0
16-06-2008,0
17-06-2008,0
18-06-2008,0
19-06-2008,0
20-06-2008,0
23-06-2008,0
24-06-2008,0
25-06-2008,0
26-06-2008,0
27-06-2008,0
30-06-2008,0
01-07-2008,0
02-07-2008,0
03-07-2008,0
04-07-2008,0
07-07-2008,2
08-07-2008,1
09-07-2008,0
10-07-2008,0
11-07-2008,0
14-07-2008,0
15-07-2008,0
16-07-2008,0
17-07-2008,0
18-07-2008,0
21-07-2008,0
22-07-2008,0
23-07-2008,0
24-07-2008,0
25-07-2008,0
28-07-2008,0
29-07-2008,0
30-07-2008,0
31-07-2008,0
01-08-2008,0
04-08-2008,0
05-08-2008,0
06-08-2008,2
07-08-2008,0
08-08-2008,1
11-08-2008,0
12-08-2008,0
13-08-2008,0
14-08-2008,0
18-08-2008,0
19-08-2008,1
20-08-2008,0
21-08-2008,0
22-08-2008,0
25-08-2008,2
26-08-2008,1
27-08-2008,0
28-08-2008,0
29-08-2008,0
01-09-2008,1
02-09-2008,0
04-09-2008,0
05-09-2008,0
08-09-2008,0
09-09-2008,1
10-09-2008,0
11-09-2008,0
12-09-2008,0
15-09-2008,0
16-09-2008,1
17-09-2008,0
18-09-2008,1
19-09-2008,0
22-09-2008,2
23-09-2008,0
24-09-2008,0
25-09-2008,0
26-09-2008,0
29-09-2008,0
30-09-2008,0
01-10-2008,0
03-10-2008,0
06-10-2008,0
07-10-2008,0
08-10-2008,0
10-10-2008,0
13-10-2008,0
14-10-2008,2
15-10-2008,0
16-10-2008,1
17-10-2008,0
20-10-2008,0
21-10-2008,0
22-10-2008,0
23-10-2008,0
24-10-2008,0
27-10-2008,0
28-10-2008,0
29-10-2008,0
31-10-2008,0
03-11-2008,0
04-11-2008,0
05-11-2008,0
06-11-2008,0
07-11-2008,0
10-11-2008,0
11-11-2008,0
12-11-2008,0
14-11-2008,0
17-11-2008,0
18-11-2008,0
19-11-2008,0
20-11-2008,0
21-11-2008,0
24-11-2008,0
25-11-2008,0
26-11-2008,0
28-11-2008,0
01-12-2008,0
02-12-2008,1
03-12-2008,0
04-12-2008,0
05-12-2008,0
08-12-2008,0
10-12-2008,0
11-12-2008,1
12-12-2008,0
15-12-2008,0
16-12-2008,0
17-12-2008,0
18-12-2008,0
19-12-2008,0
22-12-2008,0
23-12-2008,0
24-12-2008,0
26-12-2008,0
29-12-2008,0
30-12-2008,0
31-12-2008,0
01-01-2009,0
02-01-2009,2
05-01-2009,0
06-01-2009,0
07-01-2009,0
09-01-2009,0
12-01-2009,0
13-01-2009,0
14-01-2009,0
15-01-2009,0
16-01-2009,0
19-01-2009,0
20-01-2009,0
21-01-2009,0
22-01-2009,0
23-01-2009,0
27-01-2009,0
28-01-2009,0
29-01-2009,0
30-01-2009,0
02-02-2009,0
03-02-2009,0
04-02-2009,0
05-02-2009,0
06-02-2009,0
09-02-2009,0
10-02-2009,0
11-02-2009,1
12-02-2009,0
13-02-2009,0
16-02-2009,0
17-02-2009,0
18-02-2009,0
19-02-2009,0
20-02-2009,0
24-02-2009,1
25-02-2009,0
26-02-2009,0
27-02-2009,1
02-03-2009,0
03-03-2009,0
04-03-2009,0
05-03-2009,0
06-03-2009,0
09-03-2009,0
12-03-2009,0
13-03-2009,0
16-03-2009,0
17-03-2009,0
18-03-2009,0
19-03-2009,0
20-03-2009,1
23-03-2009,0
24-03-2009,2
25-03-2009,0
26-03-2009,0
27-03-2009,0
30-03-2009,0
31-03-2009,0
01-04-2009,0
02-04-2009,0
06-04-2009,0
08-04-2009,0
09-04-2009,0
13-04-2009,0
15-04-2009,0
16-04-2009,0
17-04-2009,2
20-04-2009,0
21-04-2009,0
22-04-2009,0
23-04-2009,0
24-04-2009,0
27-04-2009,0
28-04-2009,0
29-04-2009,0
04-05-2009,0
05-05-2009,1
06-05-2009,0
07-05-2009,0
08-05-2009,0
11-05-2009,0
12-05-2009,0
13-05-2009,0
14-05-2009,0
15-05-2009,0
18-05-2009,0
19-05-2009,0
20-05-2009,0
21-05-2009,0
22-05-2009,1
25-05-2009,0
26-05-2009,0
27-05-2009,0
28-05-2009,0
29-05-2009,0
01-06-2009,0
02-06-2009,0
03-06-2009,0
04-06-2009,0
05-06-2009,2
08-06-2009,0
09-06-2009,0
10-06-2009,0
11-06-2009,1
12-06-2009,0
15-06-2009,0
16-06-2009,0
17-06-2009,0
18-06-2009,0
19-06-2009,0
22-06-2009,0
23-06-2009,1
24-06-2009,0
25-06-2009,0
26-06-2009,0
29-06-2009,0
30-06-2009,0
01-07-2009,0
02-07-2009,1
03-07-2009,0
06-07-2009,0
07-07-2009,0
08-07-2009,0
09-07-2009,0
10-07-2009,0
13-07-2009,0
14-07-2009,0
15-07-2009,0
16-07-2009,0
17-07-2009,0
20-07-2009,0
21-07-2009,0
22-07-2009,0
23-07-2009,0
24-07-2009,0
27-07-2009,0
28-07-2009,0
29-07-2009,0
30-07-2009,0
31-07-2009,0
03-08-2009,0
04-08-2009,0
05-08-2009,1
06-08-2009,0
07-08-2009,0
10-08-2009,0
11-08-2009,0
12-08-2009,1
13-08-2009,0
14-08-2009,0
17-08-2009,0
18-08-2009,0
19-08-2009,0
20-08-2009,0
21-08-2009,0
24-08-2009,0
25-08-2009,1
26-08-2009,0
27-08-2009,1
28-08-2009,0
31-08-2009,0
01-09-2009,0
02-09-2009,0
03-09-2009,2
04-09-2009,0
07-09-2009,0
08-09-2009,0
09-09-2009,1
10-09-2009,2
11-09-2009,0
14-09-2009,0
15-09-2009,0
16-09-2009,0
17-09-2009,0
18-09-2009,1
22-09-2009,0
23-09-2009,0
24-09-2009,0
25-09-2009,0
29-09-2009,0
30-09-2009,0
01-10-2009,1
05-10-2009,0
06-10-2009,1
07-10-2009,0
08-10-2009,0
09-10-2009,0
12-10-2009,0
14-10-2009,0
15-10-2009,0
16-10-2009,0
17-10-2009,0
20-10-2009,0
21-10-2009,0
22-10-2009,0
23-10-2009,2
26-10-2009,0
27-10-2009,0
28-10-2009,1
29-10-2009,0
30-10-2009,0
03-11-2009,0
04-11-2009,0
05-11-2009,0
06-11-2009,0
09-11-2009,0
10-11-2009,2
11-11-2009,0
12-11-2009,0
13-11-2009,0
16-11-2009,0
17-11-2009,1
18-11-2009,2
19-11-2009,0
20-11-2009,0
23-11-2009,0
24-11-2009,1
25-11-2009,0
26-11-2009,0
27-11-2009,1
30-11-2009,0
01-12-2009,0
02-12-2009,0
03-12-2009,0
04-12-2009,0
07-12-2009,0
08-12-2009,0
09-12-2009,0
10-12-2009,0
11-12-2009,0
14-12-2009,2
15-12-2009,0
16-12-2009,1
17-12-2009,1
18-12-2009,0
21-12-2009,0
22-12-2009,0
23-12-2009,0
24-12-2009,0
29-12-2009,2
30-12-2009,0
31-12-2009,0
04-01-2010,0
05-01-2010,1
06-01-2010,0
07-01-2010,0
08-01-2010,0
11-01-2010,0
12-01-2010,0
13-01-2010,1
14-01-2010,0
15-01-2010,2
18-01-2010,0
19-01-2010,0
20-01-2010,0
21-01-2010,0
22-01-2010,0
25-01-2010,0
27-01-2010,0
28-01-2010,0
29-01-2010,1
01-02-2010,1
02-02-2010,0
03-02-2010,0
04-02-2010,0
05-02-2010,0
06-02-2010,0
08-02-2010,0
09-02-2010,0
10-02-2010,0
11-02-2010,0
15-02-2010,0
16-02-2010,0
17-02-2010,0
18-02-2010,0
19-02-2010,0
22-02-2010,2
23-02-2010,0
24-02-2010,1
25-02-2010,1
26-02-2010,0
02-03-2010,0
03-03-2010,0
04-03-2010,0
05-03-2010,2
08-03-2010,0
09-03-2010,0
10-03-2010,0
11-03-2010,0
12-03-2010,2
15-03-2010,1
16-03-2010,0
17-03-2010,0
18-03-2010,0
19-03-2010,0
22-03-2010,0
23-03-2010,0
25-03-2010,0
26-03-2010,0
29-03-2010,0
30-03-2010,0
31-03-2010,2
01-04-2010,0
05-04-2010,0
06-04-2010,1
07-04-2010,1
08-04-2010,0
09-04-2010,0
12-04-2010,0
13-04-2010,0
15-04-2010,0
16-04-2010,1
19-04-2010,0
20-04-2010,0
21-04-2010,0
22-04-2010,0
23-04-2010,0
26-04-2010,0
27-04-2010,0
28-04-2010,0
29-04-2010,0
30-04-2010,0
03-05-2010,0
04-05-2010,0
05-05-2010,1
06-05-2010,0
07-05-2010,0
10-05-2010,0
11-05-2010,0
12-05-2010,0
13-05-2010,0
14-05-2010,0
17-05-2010,1
18-05-2010,0
19-05-2010,0
20-05-2010,0
21-05-2010,1
24-05-2010,0
25-05-2010,0
26-05-2010,0
27-05-2010,0
28-05-2010,0
31-05-2010,1
01-06-2010,0
02-06-2010,0
03-06-2010,0
04-06-2010,0
07-06-2010,0
08-06-2010,0
09-06-2010,2
10-06-2010,0
11-06-2010,0
14-06-2010,0
15-06-2010,0
16-06-2010,2
17-06-2010,0
18-06-2010,2
21-06-2010,0
22-06-2010,0
23-06-2010,1
24-06-2010,1
25-06-2010,0
28-06-2010,0
29-06-2010,0
30-06-2010,0
01-07-2010,0
02-07-2010,0
05-07-2010,1
06-07-2010,0
07-07-2010,0
08-07-2010,0
09-07-2010,0
12-07-2010,0
13-07-2010,0
14-07-2010,2
15-07-2010,1
16-07-2010,0
19-07-2010,1
20-07-2010,0
21-07-2010,0
22-07-2010,0
23-07-2010,2
26-07-2010,0
27-07-2010,0
28-07-2010,0
29-07-2010,0
30-07-2010,0
02-08-2010,0
03-08-2010,2
04-08-2010,0
05-08-2010,0
06-08-2010,2
09-08-2010,0
10-08-2010,0
11-08-2010,0
12-08-2010,1
13-08-2010,0
16-08-2010,0
17-08-2010,2
18-08-2010,0
19-08-2010,0
20-08-2010,0
23-08-2010,0
24-08-2010,0
25-08-2010,0
26-08-2010,0
27-08-2010,0
30-08-2010,0
31-08-2010,1
01-09-2010,0
02-09-2010,0
03-09-2010,2
06-09-2010,0
07-09-2010,0
08-09-2010,1
09-09-2010,0
13-09-2010,0
14-09-2010,0
15-09-2010,0
16-09-2010,0
17-09-2010,0
20-09-2010,0
21-09-2010,0
22-09-2010,1
23-09-2010,0
24-09-2010,0
27-09-2010,2
28-09-2010,1
29-09-2010,0
30-09-2010,0
01-10-2010,0
04-10-2010,2
05-10-2010,1
06-10-2010,0
07-10-2010,0
08-10-2010,1
11-10-2010,0
12-10-2010,0
13-10-2010,0
14-10-2010,0
15-10-2010,0
18-10-2010,1
19-10-2010,0
20-10-2010,0
21-10-2010,0
22-10-2010,0
25-10-2010,2
26-10-2010,0
27-10-2010,0
28-10-2010,0
29-10-2010,1
01-11-2010,0
02-11-2010,1
03-11-2010,2
04-11-2010,0
05-11-2010,0
08-11-2010,0
09-11-2010,0
10-11-2010,0
11-11-2010,0
12-11-2010,0
15-11-2010,0
16-11-2010,0
18-11-2010,0
19-11-2010,0
22-11-2010,0
23-11-2010,1
24-11-2010,0
25-11-2010,0
26-11-2010,0
29-11-2010,0
30-11-2010,0
01-12-2010,0
02-12-2010,1
03-12-2010,0
06-12-2010,0
07-12-2010,0
08-12-2010,0
09-12-2010,0
10-12-2010,0
13-12-2010,1
14-12-2010,1
15-12-2010,0
16-12-2010,0
20-12-2010,0
21-12-2010,0
22-12-2010,0
23-12-2010,0
24-12-2010,0
27-12-2010,2
28-12-2010,0
29-12-2010,0
30-12-2010,0
31-12-2010,0
03-01-2011,0
04-01-2011,0
05-01-2011,0
06-01-2011,0
07-01-2011,0
10-01-2011,0
11-01-2011,0
12-01-2011,0
13-01-2011,0
14-01-2011,0
17-01-2011,0
18-01-2011,0
19-01-2011,0
20-01-2011,0
21-01-2011,1
24-01-2011,0
25-01-2011,0
27-01-2011,0
28-01-2011,0
31-01-2011,0
01-02-2011,0
02-02-2011,0
03-02-2011,0
04-02-2011,0
07-02-2011,0
08-02-2011,0
09-02-2011,0
10-02-2011,0
11-02-2011,0
14-02-2011,0
15-02-2011,1
16-02-2011,0
17-02-2011,0
18-02-2011,0
21-02-2011,0
22-02-2011,0
23-02-2011,2
24-02-2011,0
25-02-2011,1
28-02-2011,0
01-03-2011,0
03-03-2011,0
04-03-2011,0
07-03-2011,1
08-03-2011,0
09-03-2011,1
10-03-2011,0
11-03-2011,0
14-03-2011,0
15-03-2011,0
16-03-2011,0
17-03-2011,2
18-03-2011,0
21-03-2011,0
22-03-2011,0
23-03-2011,0
24-03-2011,0
25-03-2011,0
28-03-2011,0
29-03-2011,0
30-03-2011,0
31-03-2011,0
01-04-2011,2
04-04-2011,0
05-04-2011,1
06-04-2011,2
07-04-2011,1
08-04-2011,0
11-04-2011,0
13-04-2011,0
15-04-2011,0
18-04-2011,0
19-04-2011,0
20-04-2011,0
21-04-2011,1
25-04-2011,2
26-04-2011,1
27-04-2011,0
28-04-2011,0
29-04-2011,0
02-05-2011,0
03-05-2011,0
04-05-2011,0
05-05-2011,0
06-05-2011,0
09-05-2011,1
10-05-2011,2
11-05-2011,0
12-05-2011,0
13-05-2011,0
16-05-2011,0
17-05-2011,0
18-05-2011,0
19-05-2011,0
20-05-2011,0
23-05-2011,0
24-05-2011,2
25-05-2011,0
26-05-2011,0
27-05-2011,0
30-05-2011,0
31-05-2011,0
01-06-2011,0
02-06-2011,0
03-06-2011,0
06-06-2011,0
07-06-2011,0
08-06-2011,2
09-06-2011,1
10-06-2011,0
13-06-2011,1
14-06-2011,0
15-06-2011,0
16-06-2011,0
17-06-2011,0
20-06-2011,0
21-06-2011,0
22-06-2011,0
23-06-2011,0
24-06-2011,0
27-06-2011,0
28-06-2011,1
29-06-2011,0
30-06-2011,0
01-07-2011,0
04-07-2011,0
05-07-2011,0
06-07-2011,0
07-07-2011,0
08-07-2011,0
11-07-2011,0
12-07-2011,0
13-07-2011,0
14-07-2011,0
15-07-2011,0
18-07-2011,0
19-07-2011,0
20-07-2011,0
21-07-2011,0
22-07-2011,0
25-07-2011,0
26-07-2011,0
27-07-2011,0
28-07-2011,1
29-07-2011,0
01-08-2011,1
02-08-2011,0
03-08-2011,1
04-08-2011,0
05-08-2011,1
08-08-2011,0
09-08-2011,0
10-08-2011,0
11-08-2011,2
12-08-2011,0
16-08-2011,0
17-08-2011,2
18-08-2011,0
19-08-2011,0
22-08-2011,0
23-08-2011,1
24-08-2011,0
25-08-2011,0
26-08-2011,0
29-08-2011,0
30-08-2011,0
02-09-2011,0
05-09-2011,0
06-09-2011,0
07-09-2011,0
08-09-2011,1
09-09-2011,0
12-09-2011,0
13-09-2011,0
14-09-2011,0
15-09-2011,1
16-09-2011,0
19-09-2011,0
20-09-2011,0
21-09-2011,0
22-09-2011,0
23-09-2011,0
26-09-2011,0
27-09-2011,0
28-09-2011,0
29-09-2011,0
30-09-2011,0
03-10-2011,0
04-10-2011,0
05-10-2011,0
07-10-2011,0
10-10-2011,0
11-10-2011,0
12-10-2011,0
13-10-2011,0
14-10-2011,0
17-10-2011,0
18-10-2011,1
19-10-2011,0
20-10-2011,1
21-10-2011,0
24-10-2011,0
25-10-2011,0
26-10-2011,0
28-10-2011,2
31-10-2011,0
01-11-2011,0
02-11-2011,0
03-11-2011,0
04-11-2011,0
08-11-2011,1
09-11-2011,0
11-11-2011,2
14-11-2011,0
15-11-2011,0
16-11-2011,0
17-11-2011,0
18-11-2011,1
21-11-2011,0
22-11-2011,2
23-11-2011,0
24-11-2011,0
25-11-2011,0
28-11-2011,0
29-11-2011,0
30-11-2011,0
01-12-2011,0
02-12-2011,0
05-12-2011,1
07-12-2011,2
08-12-2011,0
09-12-2011,0
12-12-2011,0
13-12-2011,0
14-12-2011,0
15-12-2011,0
16-12-2011,0
19-12-2011,1
20-12-2011,0
21-12-2011,0
22-12-2011,0
23-12-2011,0
26-12-2011,0
27-12-2011,0
28-12-2011,0
29-12-2011,0
30-12-2011,0
02-01-2012,1
03-01-2012,0
04-01-2012,0
05-01-2012,0
06-01-2012,0
07-01-2012,0
09-01-2012,1
10-01-2012,0
11-01-2012,1
12-01-2012,0
13-01-2012,0
16-01-2012,0
17-01-2012,0
18-01-2012,0
19-01-2012,0
20-01-2012,1
23-01-2012,0
24-01-2012,0
25-01-2012,1
27-01-2012,1
30-01-2012,0
31-01-2012,0
01-02-2012,0
02-02-2012,1
03-02-2012,0
06-02-2012,0
07-02-2012,0
08-02-2012,0
09-02-2012,0
10-02-2012,0
13-02-2012,0
14-02-2012,0
15-02-2012,0
16-02-2012,1
17-02-2012,2
21-02-2012,0
22-02-2012,0
23-02-2012,0
24-02-2012,0
27-02-2012,0
28-02-2012,0
29-02-2012,0
01-03-2012,0
02-03-2012,1
03-03-2012,1
05-03-2012,0
06-03-2012,2
07-03-2012,1
09-03-2012,0
12-03-2012,0
13-03-2012,0
14-03-2012,0
15-03-2012,0
16-03-2012,0
19-03-2012,0
20-03-2012,0
21-03-2012,0
22-03-2012,0
23-03-2012,0
26-03-2012,0
27-03-2012,0
28-03-2012,0
29-03-2012,0
30-03-2012,0
02-04-2012,0
03-04-2012,2
04-04-2012,1
09-04-2012,0
10-04-2012,1
11-04-2012,2
12-04-2012,0
13-04-2012,0
16-04-2012,0
17-04-2012,1
18-04-2012,0
19-04-2012,1
20-04-2012,0
23-04-2012,0
24-04-2012,1
25-04-2012,1
26-04-2012,0
27-04-2012,0
28-04-2012,1
30-04-2012,0
02-05-2012,0
03-05-2012,0
04-05-2012,0
07-05-2012,0
08-05-2012,0
09-05-2012,2
10-05-2012,2
11-05-2012,0
14-05-2012,0
15-05-2012,0
16-05-2012,0
17-05-2012,0
18-05-2012,0
21-05-2012,0
22-05-2012,0
23-05-2012,1
24-05-2012,0
25-05-2012,0
28-05-2012,0
29-05-2012,0
30-05-2012,0
31-05-2012,0
01-06-2012,0
04-06-2012,0
05-06-2012,0
06-06-2012,0
07-06-2012,0
08-06-2012,1
11-06-2012,0
12-06-2012,0
13-06-2012,1
14-06-2012,0
15-06-2012,0
18-06-2012,0
19-06-2012,0
20-06-2012,1
21-06-2012,0
22-06-2012,0
25-06-2012,0
26-06-2012,0
27-06-2012,0
28-06-2012,1
29-06-2012,0
02-07-2012,1
03-07-2012,1
04-07-2012,1
05-07-2012,0
06-07-2012,1
09-07-2012,1
10-07-2012,0
11-07-2012,2
12-07-2012,1
13-07-2012,0
16-07-2012,0
17-07-2012,0
18-07-2012,0
19-07-2012,0
20-07-2012,0
23-07-2012,0
24-07-2012,1
25-07-2012,1
26-07-2012,0
27-07-2012,0
30-07-2012,0
31-07-2012,1
01-08-2012,0
02-08-2012,1
03-08-2012,0
06-08-2012,0
07-08-2012,0
08-08-2012,2
09-08-2012,0
10-08-2012,0
13-08-2012,0
14-08-2012,0
16-08-2012,0
17-08-2012,0
21-08-2012,0
22-08-2012,0
23-08-2012,2
24-08-2012,1
27-08-2012,0
28-08-2012,0
29-08-2012,0
30-08-2012,0
31-08-2012,0
03-09-2012,0
04-09-2012,0
05-09-2012,0
06-09-2012,0
07-09-2012,0
08-09-2012,0
10-09-2012,1
11-09-2012,0
12-09-2012,0
13-09-2012,1
14-09-2012,0
17-09-2012,0
18-09-2012,1
20-09-2012,0
21-09-2012,0
24-09-2012,0
25-09-2012,1
26-09-2012,0
27-09-2012,0
28-09-2012,0
01-10-2012,0
03-10-2012,1
04-10-2012,0
05-10-2012,1
08-10-2012,0
09-10-2012,1
10-10-2012,0
11-10-2012,0
12-10-2012,0
15-10-2012,0
16-10-2012,0
17-10-2012,0
18-10-2012,0
19-10-2012,0
22-10-2012,0
23-10-2012,0
25-10-2012,0
26-10-2012,0
29-10-2012,0
30-10-2012,0
31-10-2012,0
01-11-2012,0
02-11-2012,1
05-11-2012,0
06-11-2012,0
07-11-2012,0
08-11-2012,0
09-11-2012,0
12-11-2012,0
13-11-2012,0
15-11-2012,0
16-11-2012,0
19-11-2012,1
20-11-2012,0
21-11-2012,0
22-11-2012,1
23-11-2012,1
26-11-2012,0
27-11-2012,0
29-11-2012,0
30-11-2012,0
03-12-2012,1
04-12-2012,0
05-12-2012,0
06-12-2012,1
07-12-2012,0
10-12-2012,1
11-12-2012,0
12-12-2012,0
13-12-2012,0
14-12-2012,0
17-12-2012,1
18-12-2012,1
19-12-2012,0
20-12-2012,0
21-12-2012,0
24-12-2012,0
26-12-2012,0
27-12-2012,0
28-12-2012,0
31-12-2012,2
01-01-2013,0
02-01-2013,0
03-01-2013,1
04-01-2013,1
07-01-2013,0
08-01-2013,0
09-01-2013,0
10-01-2013,0
11-01-2013,0
14-01-2013,0
15-01-2013,0
16-01-2013,0
17-01-2013,0
18-01-2013,1
21-01-2013,1
22-01-2013,0
23-01-2013,1
24-01-2013,0
25-01-2013,0
28-01-2013,0
29-01-2013,2
30-01-2013,0
31-01-2013,0
01-02-2013,0
04-02-2013,0
05-02-2013,0
06-02-2013,0
07-02-2013,0
08-02-2013,0
11-02-2013,0
12-02-2013,0
13-02-2013,2
14-02-2013,0
15-02-2013,0
18-02-2013,0
19-02-2013,0
20-02-2013,0
21-02-2013,0
22-02-2013,0
25-02-2013,0
26-02-2013,0
27-02-2013,1
28-02-2013,0
01-03-2013,0
04-03-2013,1
05-03-2013,0
06-03-2013,1
07-03-2013,0
08-03-2013,0
11-03-2013,1
12-03-2013,0
13-03-2013,0
14-03-2013,0
15-03-2013,0
18-03-2013,0
19-03-2013,0
20-03-2013,0
21-03-2013,0
22-03-2013,0
25-03-2013,0
26-03-2013,0
28-03-2013,0
01-04-2013,1
02-04-2013,0
03-04-2013,0
04-04-2013,0
05-04-2013,0
08-04-2013,2
09-04-2013,0
10-04-2013,1
11-04-2013,1
12-04-2013,1
15-04-2013,0
16-04-2013,0
17-04-2013,0
18-04-2013,0
22-04-2013,0
23-04-2013,1
25-04-2013,0
26-04-2013,0
29-04-2013,0
30-04-2013,1
02-05-2013,0
03-05-2013,0
06-05-2013,0
07-05-2013,0
08-05-2013,1
09-05-2013,0
10-05-2013,0
11-05-2013,0
13-05-2013,0
14-05-2013,0
15-05-2013,0
16-05-2013,0
17-05-2013,0
20-05-2013,0
21-05-2013,0
22-05-2013,0
23-05-2013,0
24-05-2013,0
27-05-2013,0
28-05-2013,0
29-05-2013,1
30-05-2013,0
31-05-2013,0
03-06-2013,0
04-06-2013,0
05-06-2013,0
06-06-2013,0
07-06-2013,2
10-06-2013,0
11-06-2013,0
12-06-2013,0
13-06-2013,2
14-06-2013,0
17-06-2013,0
18-06-2013,0
19-06-2013,0
20-06-2013,0
21-06-2013,0
24-06-2013,0
25-06-2013,0
26-06-2013,0
27-06-2013,0
28-06-2013,0
01-07-2013,0
02-07-2013,0
03-07-2013,0
04-07-2013,0
05-07-2013,0
08-07-2013,0
09-07-2013,0
10-07-2013,0
11-07-2013,0
12-07-2013,1
15-07-2013,0
16-07-2013,0
17-07-2013,1
18-07-2013,0
19-07-2013,0
22-07-2013,0
23-07-2013,0
24-07-2013,0
25-07-2013,0
26-07-2013,0
29-07-2013,0
30-07-2013,0
31-07-2013,1
01-08-2013,0
02-08-2013,0
05-08-2013,0
06-08-2013,0
07-08-2013,0
08-08-2013,0
12-08-2013,0
13-08-2013,0
14-08-2013,0
16-08-2013,0
19-08-2013,0
20-08-2013,0
21-08-2013,0
22-08-2013,0
23-08-2013,0
26-08-2013,0
27-08-2013,0
28-08-2013,0
29-08-2013,0
30-08-2013,0
02-09-2013,0
03-09-2013,0
04-09-2013,0
05-09-2013,0
06-09-2013,0
10-09-2013,0
11-09-2013,1
12-09-2013,0
13-09-2013,0
16-09-2013,0
17-09-2013,0
18-09-2013,0
19-09-2013,0
20-09-2013,0
23-09-2013,0
24-09-2013,0
25-09-2013,1
26-09-2013,2
27-09-2013,0
30-09-2013,0
01-10-2013,1
03-10-2013,0
04-10-2013,2
07-10-2013,1
08-10-2013,0
09-10-2013,0
10-10-2013,0
11-10-2013,1
14-10-2013,0
15-10-2013,0
17-10-2013,0
18-10-2013,0
21-10-2013,1
22-10-2013,0
23-10-2013,0
24-10-2013,0
25-10-2013,1
28-10-2013,0
29-10-2013,0
30-10-2013,0
31-10-2013,0
01-11-2013,0
03-11-2013,0
05-11-2013,0
06-11-2013,0
07-11-2013,0
08-11-2013,0
11-11-2013,0
12-11-2013,0
13-11-2013,2
14-11-2013,2
18-11-2013,0
19-11-2013,1
20-11-2013,0
21-11-2013,0
22-11-2013,0
25-11-2013,0
26-11-2013,0
27-11-2013,1
28-11-2013,1
29-11-2013,0
02-12-2013,0
03-12-2013,1
04-12-2013,0
05-12-2013,0
06-12-2013,0
09-12-2013,0
10-12-2013,0
11-12-2013,1
12-12-2013,0
13-12-2013,0
16-12-2013,0
17-12-2013,0
18-12-2013,0
19-12-2013,0
20-12-2013,0
23-12-2013,0
24-12-2013,0
26-12-2013,2
27-12-2013,0
30-12-2013,0
31-12-2013,1
01-01-2014,0
02-01-2014,0
03-01-2014,0
06-01-2014,0
07-01-2014,0
08-01-2014,1
09-01-2014,0
10-01-2014,0
13-01-2014,0
14-01-2014,0
15-01-2014,0
16-01-2014,0
17-01-2014,0
20-01-2014,0
21-01-2014,1
22-01-2014,0
23-01-2014,0
24-01-2014,0
27-01-2014,0
28-01-2014,0
29-01-2014,0
30-01-2014,1
31-01-2014,1
03-02-2014,0
04-02-2014,0
05-02-2014,1
06-02-2014,1
07-02-2014,1
10-02-2014,0
11-02-2014,0
12-02-2014,1
13-02-2014,0
14-02-2014,0
17-02-2014,0
18-02-2014,0
19-02-2014,0
20-02-2014,0
21-02-2014,0
24-02-2014,0
25-02-2014,1
26-02-2014,0
28-02-2014,0
03-03-2014,0
04-03-2014,0
05-03-2014,1
06-03-2014,0
07-03-2014,0
10-03-2014,0
11-03-2014,0
12-03-2014,0
13-03-2014,0
14-03-2014,0
18-03-2014,2
19-03-2014,1
20-03-2014,0
21-03-2014,0
22-03-2014,1
24-03-2014,0
25-03-2014,0
26-03-2014,0
27-03-2014,0
28-03-2014,0
31-03-2014,1
01-04-2014,1
02-04-2014,1
03-04-2014,0
04-04-2014,0
07-04-2014,1
09-04-2014,0
10-04-2014,1
11-04-2014,0
15-04-2014,0
16-04-2014,0
17-04-2014,0
21-04-2014,0
22-04-2014,2
23-04-2014,0
25-04-2014,0
28-04-2014,0
29-04-2014,0
30-04-2014,0
02-05-2014,0
05-05-2014,2
06-05-2014,1
07-05-2014,0
08-05-2014,1
09-05-2014,0
12-05-2014,0
13-05-2014,2
14-05-2014,1
15-05-2014,1
16-05-2014,0
19-05-2014,1
20-05-2014,0
21-05-2014,1
22-05-2014,2
23-05-2014,0
26-05-2014,0
27-05-2014,0
28-05-2014,1
29-05-2014,0
30-05-2014,1
02-06-2014,0
03-06-2014,0
04-06-2014,0
05-06-2014,0
06-06-2014,0
09-06-2014,0
10-06-2014,1
11-06-2014,0
12-06-2014,1
13-06-2014,0
16-06-2014,1
17-06-2014,0
18-06-2014,0
19-06-2014,0
20-06-2014,0
23-06-2014,1
24-06-2014,0
25-06-2014,0
26-06-2014,0
27-06-2014,1
30-06-2014,0
01-07-2014,2
02-07-2014,0
03-07-2014,0
04-07-2014,0
07-07-2014,1
08-07-2014,0
09-07-2014,0
10-07-2014,0
11-07-2014,0
14-07-2014,1
15-07-2014,0
16-07-2014,0
17-07-2014,0
18-07-2014,0
21-07-2014,0
22-07-2014,0
23-07-2014,1
24-07-2014,0
25-07-2014,0
28-07-2014,0
30-07-2014,0
31-07-2014,0
01-08-2014,0
04-08-2014,0
05-08-2014,0
06-08-2014,0
07-08-2014,0
08-08-2014,0
11-08-2014,1
12-08-2014,0
13-08-2014,0
14-08-2014,0
18-08-2014,0
19-08-2014,1
20-08-2014,0
21-08-2014,0
22-08-2014,0
25-08-2014,0
26-08-2014,0
27-08-2014,1
28-08-2014,0
01-09-2014,0
02-09-2014,0
03-09-2014,1
04-09-2014,0
05-09-2014,1
08-09-2014,0
09-09-2014,1
10-09-2014,0
11-09-2014,0
12-09-2014,0
15-09-2014,0
16-09-2014,0
17-09-2014,1
18-09-2014,0
19-09-2014,1
22-09-2014,0
23-09-2014,0
24-09-2014,1
25-09-2014,0
26-09-2014,0
29-09-2014,0
30-09-2014,2
01-10-2014,0
07-10-2014,0
08-10-2014,0
09-10-2014,0
10-10-2014,0
13-10-2014,0
14-10-2014,0
16-10-2014,0
17-10-2014,0
20-10-2014,0
21-10-2014,0
22-10-2014,1
23-10-2014,0
27-10-2014,0
28-10-2014,0
29-10-2014,0
30-10-2014,0
31-10-2014,0
03-11-2014,0
05-11-2014,0
07-11-2014,1
10-11-2014,1
11-11-2014,1
12-11-2014,2
13-11-2014,0
14-11-2014,0
17-11-2014,0
18-11-2014,0
19-11-2014,0
20-11-2014,1
21-11-2014,0
24-11-2014,0
25-11-2014,0
26-11-2014,0
27-11-2014,0
28-11-2014,0
01-12-2014,0
02-12-2014,2
03-12-2014,1
04-12-2014,0
05-12-2014,0
08-12-2014,0
09-12-2014,0
10-12-2014,0
11-12-2014,0
12-12-2014,0
15-12-2014,0
16-12-2014,0
17-12-2014,0
18-12-2014,1
19-12-2014,1
22-12-2014,0
23-12-2014,0
24-12-2014,0
26-12-2014,1
29-12-2014,0
30-12-2014,1
31-12-2014,0
01-01-2015,1
02-01-2015,0
05-01-2015,0
06-01-2015,0
07-01-2015,1
08-01-2015,0
09-01-2015,1
12-01-2015,0
13-01-2015,0
14-01-2015,0
15-01-2015,0
16-01-2015,1
19-01-2015,1
20-01-2015,0
21-01-2015,1
22-01-2015,0
23-01-2015,1
27-01-2015,0
28-01-2015,0
29-01-2015,0
30-01-2015,0
02-02-2015,1
03-02-2015,0
04-02-2015,0
05-02-2015,2
06-02-2015,0
09-02-2015,0
10-02-2015,0
11-02-2015,0
12-02-2015,1
13-02-2015,0
16-02-2015,0
18-02-2015,0
19-02-2015,1
20-02-2015,0
23-02-2015,0
24-02-2015,1
25-02-2015,0
26-02-2015,0
27-02-2015,0
28-02-2015,1
02-03-2015,1
03-03-2015,0
04-03-2015,0
05-03-2015,1
09-03-2015,0
10-03-2015,0
11-03-2015,0
12-03-2015,0
13-03-2015,0
16-03-2015,0
17-03-2015,0
18-03-2015,0
19-03-2015,0
20-03-2015,0
23-03-2015,0
24-03-2015,2
25-03-2015,0
26-03-2015,0
27-03-2015,0
30-03-2015,0
31-03-2015,0
01-04-2015,0
06-04-2015,0
07-04-2015,1
08-04-2015,0
09-04-2015,1
10-04-2015,1
13-04-2015,0
15-04-2015,0
16-04-2015,0
17-04-2015,0
20-04-2015,0
21-04-2015,0
22-04-2015,1
23-04-2015,0
24-04-2015,0
27-04-2015,0
28-04-2015,0
29-04-2015,0
30-04-2015,0
04-05-2015,0
05-05-2015,1
06-05-2015,0
07-05-2015,0
08-05-2015,0
11-05-2015,0
12-05-2015,0
13-05-2015,0
14-05-2015,1
15-05-2015,0
18-05-2015,0
19-05-2015,0
20-05-2015,0
21-05-2015,1
22-05-2015,0
25-05-2015,0
26-05-2015,0
27-05-2015,0
28-05-2015,0
29-05-2015,0
01-06-2015,2
02-06-2015,0
03-06-2015,0
04-06-2015,1
05-06-2015,0
08-06-2015,0
09-06-2015,1
10-06-2015,0
11-06-2015,0
12-06-2015,0
15-06-2015,0
16-06-2015,0
17-06-2015,0
18-06-2015,0
19-06-2015,0
22-06-2015,0
23-06-2015,1
24-06-2015,0
25-06-2015,0
26-06-2015,1
29-06-2015,0
30-06-2015,0
01-07-2015,0
02-07-2015,0
03-07-2015,0
06-07-2015,0
07-07-2015,2
08-07-2015,0
09-07-2015,0
10-07-2015,1
13-07-2015,0
14-07-2015,0
15-07-2015,0
16-07-2015,0
17-07-2015,0
20-07-2015,1
21-07-2015,0
22-07-2015,0
23-07-2015,0
24-07-2015,0
27-07-2015,0
28-07-2015,0
29-07-2015,1
30-07-2015,2
31-07-2015,0
03-08-2015,0
04-08-2015,0
05-08-2015,0
06-08-2015,1
07-08-2015,0
10-08-2015,0
11-08-2015,0
12-08-2015,0
13-08-2015,0
14-08-2015,0
17-08-2015,0
18-08-2015,0
19-08-2015,0
20-08-2015,0
21-08-2015,1
24-08-2015,0
25-08-2015,1
26-08-2015,0
27-08-2015,1
28-08-2015,0
31-08-2015,0
01-09-2015,0
02-09-2015,0
03-09-2015,0
04-09-2015,0
07-09-2015,0
08-09-2015,0
09-09-2015,1
10-09-2015,0
11-09-2015,0
14-09-2015,0
15-09-2015,0
16-09-2015,1
18-09-2015,2
21-09-2015,0
22-09-2015,0
23-09-2015,0
24-09-2015,0
28-09-2015,0
29-09-2015,0
30-09-2015,1
01-10-2015,0
05-10-2015,0
06-10-2015,1
07-10-2015,0
08-10-2015,0
09-10-2015,0
12-10-2015,0
13-10-2015,1
14-10-2015,2
15-10-2015,0
16-10-2015,0
19-10-2015,0
20-10-2015,0
21-10-2015,1
23-10-2015,0
26-10-2015,0
27-10-2015,1
28-10-2015,1
29-10-2015,0
30-10-2015,0
02-11-2015,1
03-11-2015,0
04-11-2015,0
05-11-2015,0
06-11-2015,0
09-11-2015,0
10-11-2015,0
11-11-2015,0
13-11-2015,1
16-11-2015,0
17-11-2015,1
18-11-2015,0
19-11-2015,0
20-11-2015,2
23-11-2015,0
24-11-2015,1
26-11-2015,0
27-11-2015,0
30-11-2015,1
01-12-2015,1
02-12-2015,0
03-12-2015,0
04-12-2015,0
07-12-2015,0
08-12-2015,0
09-12-2015,0
10-12-2015,0
11-12-2015,0
14-12-2015,0
15-12-2015,0
16-12-2015,0
17-12-2015,0
18-12-2015,0
21-12-2015,0
22-12-2015,0
23-12-2015,0
24-12-2015,0
28-12-2015,0
29-12-2015,1
30-12-2015,0
31-12-2015,0
01-01-2016,0
04-01-2016,0
05-01-2016,0
06-01-2016,0
07-01-2016,0
08-01-2016,2
11-01-2016,0
12-01-2016,0
13-01-2016,1
14-01-2016,0
15-01-2016,0
18-01-2016,0
19-01-2016,0
20-01-2016,0
21-01-2016,0
22-01-2016,0
25-01-2016,0
27-01-2016,0
28-01-2016,0
29-01-2016,0
01-02-2016,0
02-02-2016,0
03-02-2016,0
04-02-2016,0
05-02-2016,0
08-02-2016,0
09-02-2016,1
10-02-2016,0
11-02-2016,0
12-02-2016,1
15-02-2016,0
16-02-2016,0
17-02-2016,0
18-02-2016,1
19-02-2016,0
22-02-2016,0
23-02-2016,0
24-02-2016,0
25-02-2016,0
26-02-2016,1
29-02-2016,0
01-03-2016,0
02-03-2016,0
03-03-2016,0
04-03-2016,1
08-03-2016,0
09-03-2016,0
10-03-2016,0
11-03-2016,0
14-03-2016,0
15-03-2016,0
16-03-2016,0
17-03-2016,0
18-03-2016,0
21-03-2016,0
22-03-2016,1
23-03-2016,1
28-03-2016,0
29-03-2016,2
30-03-2016,0
31-03-2016,0
01-04-2016,1
04-04-2016,0
05-04-2016,0
06-04-2016,0
07-04-2016,0
08-04-2016,0
11-04-2016,0
12-04-2016,0
13-04-2016,0
18-04-2016,1
20-04-2016,0
21-04-2016,0
22-04-2016,1
25-04-2016,0
26-04-2016,0
27-04-2016,0
28-04-2016,0
29-04-2016,1
02-05-2016,0
03-05-2016,0
04-05-2016,0
05-05-2016,0
06-05-2016,1
09-05-2016,0
10-05-2016,1
11-05-2016,0
12-05-2016,0
13-05-2016,0
16-05-2016,0
17-05-2016,2
18-05-2016,0
19-05-2016,0
20-05-2016,0
23-05-2016,0
24-05-2016,1
25-05-2016,0
26-05-2016,0
27-05-2016,0
30-05-2016,0
31-05-2016,0
01-06-2016,1
02-06-2016,0
03-06-2016,0
06-06-2016,0
07-06-2016,0
08-06-2016,0
09-06-2016,0
10-06-2016,2
13-06-2016,1
14-06-2016,0
15-06-2016,0
16-06-2016,0
17-06-2016,1
20-06-2016,0
21-06-2016,0
22-06-2016,1
23-06-2016,0
24-06-2016,0
27-06-2016,0
28-06-2016,0
29-06-2016,0
30-06-2016,0
01-07-2016,0
04-07-2016,2
05-07-2016,0
07-07-2016,1
08-07-2016,0
11-07-2016,0
12-07-2016,0
13-07-2016,0
14-07-2016,0
15-07-2016,0
18-07-2016,0
19-07-2016,1
20-07-2016,0
21-07-2016,0
22-07-2016,0
25-07-2016,0
26-07-2016,0
27-07-2016,2
28-07-2016,0
29-07-2016,0
01-08-2016,0
02-08-2016,0
03-08-2016,0
04-08-2016,0
05-08-2016,0
08-08-2016,1
09-08-2016,0
10-08-2016,0
11-08-2016,0
12-08-2016,0
16-08-2016,0
17-08-2016,0
18-08-2016,0
19-08-2016,0
22-08-2016,0
23-08-2016,1
24-08-2016,1
25-08-2016,0
26-08-2016,0
29-08-2016,0
30-08-2016,0
31-08-2016,0
01-09-2016,0
02-09-2016,1
06-09-2016,0
07-09-2016,0
08-09-2016,0
09-09-2016,0
12-09-2016,0
14-09-2016,0
15-09-2016,1
16-09-2016,0
19-09-2016,0
20-09-2016,0
21-09-2016,2
22-09-2016,1
23-09-2016,0
26-09-2016,0
27-09-2016,0
28-09-2016,0
29-09-2016,0
30-09-2016,0
03-10-2016,0
04-10-2016,1
05-10-2016,0
06-10-2016,0
07-10-2016,0
10-10-2016,0
13-10-2016,0
14-10-2016,1
17-10-2016,0
18-10-2016,0
19-10-2016,0
20-10-2016,1
21-10-2016,1
24-10-2016,1
25-10-2016,0
26-10-2016,0
27-10-2016,1
28-10-2016,1
30-10-2016,0
01-11-2016,0
02-11-2016,0
03-11-2016,2
04-11-2016,0
07-11-2016,0
08-11-2016,1
09-11-2016,0
10-11-2016,0
11-11-2016,0
15-11-2016,0
16-11-2016,0
17-11-2016,0
18-11-2016,0
21-11-2016,0
22-11-2016,1
23-11-2016,1
24-11-2016,0
25-11-2016,0
28-11-2016,0
29-11-2016,2
30-11-2016,0
01-12-2016,0
02-12-2016,0
05-12-2016,0
06-12-2016,2
07-12-2016,0
08-12-2016,0
09-12-2016,0
12-12-2016,0
13-12-2016,0
14-12-2016,0
15-12-2016,2
16-12-2016,0
19-12-2016,0
20-12-2016,0
21-12-2016,0
22-12-2016,0
23-12-2016,1
26-12-2016,0
27-12-2016,0
28-12-2016,2
29-12-2016,0
30-12-2016,0
02-01-2017,0
03-01-2017,1
04-01-2017,0
05-01-2017,0
06-01-2017,0
09-01-2017,0
10-01-2017,0
11-01-2017,0
12-01-2017,0
13-01-2017,0
16-01-2017,0
17-01-2017,0
18-01-2017,2
19-01-2017,0
20-01-2017,0
23-01-2017,0
24-01-2017,0
25-01-2017,0
27-01-2017,0
30-01-2017,1
31-01-2017,0
01-02-2017,0
02-02-2017,1
03-02-2017,1
06-02-2017,0
07-02-2017,0
08-02-2017,1
09-02-2017,1
10-02-2017,0
13-02-2017,1
14-02-2017,0
15-02-2017,0
16-02-2017,0
17-02-2017,0
20-02-2017,0
21-02-2017,0
22-02-2017,1
23-02-2017,0
27-02-2017,0
28-02-2017,0
01-03-2017,0
02-03-2017,0
03-03-2017,0
06-03-2017,0
07-03-2017,0
08-03-2017,0
09-03-2017,0
10-03-2017,0
14-03-2017,1
15-03-2017,1
16-03-2017,0
17-03-2017,0
20-03-2017,0
21-03-2017,1
22-03-2017,0
23-03-2017,0
24-03-2017,1
27-03-2017,0
28-03-2017,0
29-03-2017,0
30-03-2017,0
31-03-2017,0
03-04-2017,0
05-04-2017,1
06-04-2017,0
07-04-2017,0
10-04-2017,0
11-04-2017,0
12-04-2017,0
13-04-2017,0
17-04-2017,1
18-04-2017,0
19-04-2017,1
20-04-2017,0
21-04-2017,0
24-04-2017,0
25-04-2017,0
26-04-2017,1
27-04-2017,0
28-04-2017,0
02-05-2017,0
03-05-2017,0
04-05-2017,1
05-05-2017,0
08-05-2017,1
09-05-2017,0
10-05-2017,0
11-05-2017,0
12-05-2017,0
15-05-2017,0
16-05-2017,0
17-05-2017,1
18-05-2017,0
19-05-2017,0
22-05-2017,0
23-05-2017,0
24-05-2017,0
25-05-2017,0
26-05-2017,0
29-05-2017,0
30-05-2017,0
31-05-2017,0
01-06-2017,0
02-06-2017,1
05-06-2017,0
06-06-2017,0
07-06-2017,1
08-06-2017,0
09-06-2017,0
12-06-2017,0
13-06-2017,2
14-06-2017,1
15-06-2017,0
16-06-2017,1
19-06-2017,0
20-06-2017,0
21-06-2017,0
22-06-2017,2
23-06-2017,0
27-06-2017,0
28-06-2017,0
29-06-2017,2
30-06-2017,0
03-07-2017,0
04-07-2017,0
05-07-2017,0
06-07-2017,0
07-07-2017,1
10-07-2017,0
11-07-2017,2
12-07-2017,1
13-07-2017,0
14-07-2017,0
17-07-2017,0
18-07-2017,0
19-07-2017,0
20-07-2017,0
21-07-2017,1
24-07-2017,0
25-07-2017,0
26-07-2017,0
27-07-2017,0
28-07-2017,1
31-07-2017,0
01-08-2017,1
02-08-2017,0
03-08-2017,0
04-08-2017,0
07-08-2017,0
08-08-2017,0
09-08-2017,0
10-08-2017,0
11-08-2017,0
14-08-2017,0
16-08-2017,0
17-08-2017,0
18-08-2017,0
21-08-2017,0
22-08-2017,0
23-08-2017,0
24-08-2017,0
28-08-2017,1
29-08-2017,0
30-08-2017,0
31-08-2017,1
01-09-2017,0
04-09-2017,0
05-09-2017,0
06-09-2017,0
07-09-2017,0
08-09-2017,0
11-09-2017,0
12-09-2017,0
13-09-2017,0
14-09-2017,0
15-09-2017,0
18-09-2017,0
19-09-2017,0
20-09-2017,0
21-09-2017,1
22-09-2017,0
25-09-2017,0
26-09-2017,1
27-09-2017,0
28-09-2017,0
29-09-2017,0
03-10-2017,0
04-10-2017,0
05-10-2017,0
06-10-2017,0
09-10-2017,1
10-10-2017,1
11-10-2017,0
12-10-2017,0
13-10-2017,0
16-10-2017,0
17-10-2017,1
18-10-2017,1
19-10-2017,0
23-10-2017,1
24-10-2017,1
25-10-2017,1
26-10-2017,0
27-10-2017,0
30-10-2017,2
31-10-2017,0
01-11-2017,0
02-11-2017,0
03-11-2017,1
06-11-2017,0
07-11-2017,0
08-11-2017,0
09-11-2017,0
10-11-2017,1
13-11-2017,0
14-11-2017,0
15-11-2017,0
16-11-2017,0
17-11-2017,0
20-11-2017,1
21-11-2017,1
22-11-2017,1
23-11-2017,1
24-11-2017,0
27-11-2017,0
28-11-2017,0
29-11-2017,0
30-11-2017,0
01-12-2017,0
04-12-2017,0
05-12-2017,1
06-12-2017,0
07-12-2017,0
08-12-2017,0
11-12-2017,1
12-12-2017,0
13-12-2017,0
14-12-2017,1
15-12-2017,2
18-12-2017,0
19-12-2017,0
20-12-2017,0
21-12-2017,0
22-12-2017,0
26-12-2017,0
27-12-2017,0
28-12-2017,0
29-12-2017,0
01-01-2018,0
02-01-2018,0
03-01-2018,0
04-01-2018,0
05-01-2018,0
08-01-2018,0
09-01-2018,1
10-01-2018,0
11-01-2018,0
12-01-2018,1
15-01-2018,0
16-01-2018,0
17-01-2018,0
18-01-2018,0
19-01-2018,0
22-01-2018,0
23-01-2018,0
24-01-2018,0
25-01-2018,1
29-01-2018,0
30-01-2018,0
31-01-2018,1
01-02-2018,0
02-02-2018,0
05-02-2018,0
06-02-2018,0
07-02-2018,0
08-02-2018,0
09-02-2018,0
12-02-2018,0
14-02-2018,0
15-02-2018,0
16-02-2018,0
19-02-2018,0
20-02-2018,0
21-02-2018,0
22-02-2018,0
23-02-2018,0
26-02-2018,0
27-02-2018,0
28-02-2018,1
01-03-2018,2
05-03-2018,0
06-03-2018,0
07-03-2018,0
08-03-2018,1
09-03-2018,0
12-03-2018,0
13-03-2018,0
14-03-2018,1
15-03-2018,0
16-03-2018,0
19-03-2018,0
20-03-2018,0
21-03-2018,0
22-03-2018,0
23-03-2018,0
26-03-2018,0
27-03-2018,1
28-03-2018,0
02-04-2018,0
03-04-2018,0
04-04-2018,0
05-04-2018,0
06-04-2018,1
09-04-2018,0
10-04-2018,0
11-04-2018,1
12-04-2018,0
13-04-2018,0
16-04-2018,0
17-04-2018,1
18-04-2018,0
19-04-2018,1
20-04-2018,1
23-04-2018,1
24-04-2018,0
25-04-2018,0
26-04-2018,0
27-04-2018,0
30-04-2018,0
02-05-2018,0
03-05-2018,0
04-05-2018,0
07-05-2018,0
08-05-2018,0
09-05-2018,0
10-05-2018,0
11-05-2018,0
14-05-2018,1
15-05-2018,2
16-05-2018,1
17-05-2018,0
18-05-2018,0
21-05-2018,0
22-05-2018,0
23-05-2018,0
24-05-2018,0
25-05-2018,0
28-05-2018,0
29-05-2018,0
30-05-2018,0
31-05-2018,0
01-06-2018,0
04-06-2018,0
05-06-2018,0
06-06-2018,0
07-06-2018,0
08-06-2018,0
11-06-2018,2
12-06-2018,0
13-06-2018,0
14-06-2018,0
15-06-2018,1
18-06-2018,0
19-06-2018,0
20-06-2018,0
21-06-2018,0
22-06-2018,0
25-06-2018,0
26-06-2018,0
27-06-2018,0
28-06-2018,0
29-06-2018,0
02-07-2018,0
03-07-2018,0
04-07-2018,0
05-07-2018,0
06-07-2018,0
09-07-2018,1
10-07-2018,0
11-07-2018,1
12-07-2018,2
13-07-2018,0
16-07-2018,0
17-07-2018,0
18-07-2018,0
19-07-2018,0
20-07-2018,0
23-07-2018,0
24-07-2018,0
25-07-2018,0
26-07-2018,0
27-07-2018,0
30-07-2018,0
31-07-2018,0
01-08-2018,1
02-08-2018,0
03-08-2018,0
06-08-2018,0
07-08-2018,0
08-08-2018,0
09-08-2018,0
10-08-2018,0
13-08-2018,2
14-08-2018,0
16-08-2018,2
17-08-2018,0
20-08-2018,0
21-08-2018,1
23-08-2018,0
24-08-2018,1
27-08-2018,0
28-08-2018,1
29-08-2018,0
30-08-2018,1
31-08-2018,1
03-09-2018,0
04-09-2018,0
05-09-2018,1
06-09-2018,1
07-09-2018,1
10-09-2018,0
11-09-2018,0
12-09-2018,1
14-09-2018,0
17-09-2018,0
18-09-2018,0
19-09-2018,0
21-09-2018,0
24-09-2018,0
25-09-2018,0
26-09-2018,0
27-09-2018,0
28-09-2018,0
01-10-2018,0
03-10-2018,0
04-10-2018,0
05-10-2018,0
08-10-2018,1
09-10-2018,0
10-10-2018,0
11-10-2018,0
12-10-2018,0
15-10-2018,1
16-10-2018,0
17-10-2018,0
19-10-2018,0
22-10-2018,0
23-10-2018,0
24-10-2018,0
25-10-2018,1
26-10-2018,0
29-10-2018,0
30-10-2018,0
31-10-2018,0
01-11-2018,0
02-11-2018,0
05-11-2018,0
06-11-2018,2
07-11-2018,0
09-11-2018,0
12-11-2018,0
13-11-2018,0
14-11-2018,0
15-11-2018,0
16-11-2018,0
19-11-2018,0
20-11-2018,0
21-11-2018,0
22-11-2018,0
26-11-2018,0
27-11-2018,0
28-11-2018,0
29-11-2018,0
30-11-2018,1
03-12-2018,0
04-12-2018,1
05-12-2018,0
06-12-2018,0
07-12-2018,0
10-12-2018,2
11-12-2018,0
12-12-2018,0
13-12-2018,1
14-12-2018,0
17-12-2018,0
18-12-2018,0
19-12-2018,0
20-12-2018,0
21-12-2018,0
24-12-2018,0
26-12-2018,0
27-12-2018,0
28-12-2018,0
31-12-2018,0
01-01-2019,1
02-01-2019,0
03-01-2019,0
04-01-2019,1
07-01-2019,0
08-01-2019,1
09-01-2019,1
10-01-2019,0
11-01-2019,0
14-01-2019,0
15-01-2019,0
16-01-2019,2
17-01-2019,1
18-01-2019,1
21-01-2019,0
22-01-2019,1
23-01-2019,0
24-01-2019,1
25-01-2019,0
28-01-2019,0
29-01-2019,1
30-01-2019,0
31-01-2019,0
01-02-2019,2
04-02-2019,0
05-02-2019,0
06-02-2019,0
07-02-2019,1
08-02-2019,0
11-02-2019,0
12-02-2019,0
13-02-2019,0
14-02-2019,0
15-02-2019,0
18-02-2019,0
19-02-2019,2
20-02-2019,0
21-02-2019,0
22-02-2019,1
25-02-2019,0
26-02-2019,0
27-02-2019,0
28-02-2019,0
01-03-2019,0
05-03-2019,0
06-03-2019,0
07-03-2019,0
08-03-2019,1
11-03-2019,0
12-03-2019,0
13-03-2019,1
14-03-2019,0
15-03-2019,0
18-03-2019,1
19-03-2019,0
20-03-2019,0
22-03-2019,0
25-03-2019,0
26-03-2019,0
27-03-2019,0
28-03-2019,0
29-03-2019,1
01-04-2019,0
02-04-2019,1
03-04-2019,0
04-04-2019,0
05-04-2019,0
08-04-2019,0
09-04-2019,0
10-04-2019,0
11-04-2019,1
12-04-2019,0
15-04-2019,0
16-04-2019,0
18-04-2019,0
22-04-2019,0
23-04-2019,0
24-04-2019,0
25-04-2019,0
26-04-2019,0
30-04-2019,1
02-05-2019,0
03-05-2019,2
06-05-2019,1
07-05-2019,0
08-05-2019,0
09-05-2019,1
10-05-2019,0
13-05-2019,0
14-05-2019,0
15-05-2019,0
16-05-2019,0
17-05-2019,0
20-05-2019,0
21-05-2019,0
22-05-2019,1
23-05-2019,0
24-05-2019,0
27-05-2019,0
28-05-2019,1
29-05-2019,0
30-05-2019,0
31-05-2019,0
03-06-2019,0
04-06-2019,0
06-06-2019,0
07-06-2019,1
10-06-2019,1
11-06-2019,1
12-06-2019,0
13-06-2019,0
14-06-2019,0
17-06-2019,0
18-06-2019,1
19-06-2019,0
20-06-2019,0
21-06-2019,0
24-06-2019,0
25-06-2019,0
26-06-2019,0
27-06-2019,2
28-06-2019,0
01-07-2019,0
02-07-2019,1
03-07-2019,0
04-07-2019,0
05-07-2019,0
08-07-2019,0
09-07-2019,1
10-07-2019,0
11-07-2019,0
12-07-2019,0
15-07-2019,1
16-07-2019,0
17-07-2019,0
18-07-2019,0
19-07-2019,0
22-07-2019,0
23-07-2019,0
24-07-2019,0
25-07-2019,0
26-07-2019,0
29-07-2019,0
30-07-2019,0
31-07-2019,0
01-08-2019,0
02-08-2019,0
05-08-2019,1
06-08-2019,0
07-08-2019,0
08-08-2019,0
09-08-2019,2
13-08-2019,0
14-08-2019,1
16-08-2019,1
19-08-2019,0
20-08-2019,0
21-08-2019,0
22-08-2019,0
23-08-2019,0
26-08-2019,1
27-08-2019,1
28-08-2019,0
29-08-2019,0
30-08-2019,1
03-09-2019,0
04-09-2019,0
05-09-2019,0
06-09-2019,0
09-09-2019,0
11-09-2019,1
12-09-2019,0
13-09-2019,0
16-09-2019,1
17-09-2019,0
18-09-2019,0
19-09-2019,0
20-09-2019,0
23-09-2019,0
24-09-2019,0
25-09-2019,0
26-09-2019,0
27-09-2019,0
30-09-2019,1
01-10-2019,0
03-10-2019,1
04-10-2019,0
07-10-2019,0
09-10-2019,0
10-10-2019,0
11-10-2019,0
14-10-2019,0
15-10-2019,0
16-10-2019,1
17-10-2019,0
18-10-2019,0
22-10-2019,0
23-10-2019,1
24-10-2019,0
25-10-2019,0
27-10-2019,0
29-10-2019,0
30-10-2019,0
31-10-2019,2
01-11-2019,1
04-11-2019,2
05-11-2019,0
06-11-2019,0
07-11-2019,1
08-11-2019,0
11-11-2019,0
13-11-2019,0
14-11-2019,1
15-11-2019,2
18-11-2019,0
19-11-2019,0
20-11-2019,1
21-11-2019,0
22-11-2019,0
25-11-2019,0
26-11-2019,0
27-11-2019,0
28-11-2019,0
29-11-2019,0
02-12-2019,0
03-12-2019,0
04-12-2019,0
05-12-2019,0
06-12-2019,0
09-12-2019,1
10-12-2019,0
11-12-2019,0
12-12-2019,0
13-12-2019,0
16-12-2019,0
17-12-2019,0
18-12-2019,0
19-12-2019,0
20-12-2019,1
23-12-2019,0
24-12-2019,0
26-12-2019,0
27-12-2019,0
30-12-2019,1
31-12-2019,0
01-01-2020,0
02-01-2020,0
03-01-2020,0
06-01-2020,0
07-01-2020,2
08-01-2020,0
09-01-2020,0
10-01-2020,1
13-01-2020,0
14-01-2020,0
15-01-2020,1
16-01-2020,1
17-01-2020,0
20-01-2020,0
21-01-2020,0
22-01-2020,0
23-01-2020,0
24-01-2020,0
27-01-2020,0
28-01-2020,0
29-01-2020,2
30-01-2020,0
31-01-2020,0
01-02-2020,0
03-02-2020,0
04-02-2020,0
05-02-2020,0
06-02-2020,0
07-02-2020,0
10-02-2020,0
11-02-2020,0
12-02-2020,0
13-02-2020,0
14-02-2020,0
17-02-2020,0
18-02-2020,1
19-02-2020,0
20-02-2020,0
24-02-2020,0
25-02-2020,0
26-02-2020,0
27-02-2020,1
28-02-2020,0
02-03-2020,0
03-03-2020,0
04-03-2020,0
05-03-2020,2
06-03-2020,1
09-03-2020,0
11-03-2020,0
12-03-2020,0
13-03-2020,0
16-03-2020,0
17-03-2020,0
18-03-2020,0
19-03-2020,0
20-03-2020,0
23-03-2020,0
24-03-2020,0
25-03-2020,0
26-03-2020,0
27-03-2020,0
30-03-2020,0
31-03-2020,0
01-04-2020,0
03-04-2020,0
07-04-2020,0
08-04-2020,2
09-04-2020,0
13-04-2020,0
15-04-2020,0
16-04-2020,0
17-04-2020,1
20-04-2020,0
21-04-2020,1
22-04-2020,0
23-04-2020,0
24-04-2020,2
27-04-2020,2
28-04-2020,1
29-04-2020,0
30-04-2020,0
04-05-2020,0
05-05-2020,0
06-05-2020,0
07-05-2020,0
08-05-2020,0
11-05-2020,0
12-05-2020,1
13-05-2020,0
14-05-2020,0
15-05-2020,0
18-05-2020,0
19-05-2020,0
20-05-2020,0
21-05-2020,2
22-05-2020,0
26-05-2020,0
27-05-2020,0
28-05-2020,0
29-05-2020,0
01-06-2020,0
02-06-2020,0
03-06-2020,0
04-06-2020,0
05-06-2020,0
08-06-2020,0
09-06-2020,0
10-06-2020,0
11-06-2020,0
12-06-2020,0
15-06-2020,0
16-06-2020,0
17-06-2020,0
18-06-2020,0
19-06-2020,0
22-06-2020,0
23-06-2020,0
24-06-2020,0
25-06-2020,0
26-06-2020,1
29-06-2020,1
30-06-2020,0
01-07-2020,0
02-07-2020,0
03-07-2020,1
06-07-2020,0
07-07-2020,1
08-07-2020,0
09-07-2020,0
10-07-2020,1
13-07-2020,0
14-07-2020,0
15-07-2020,0
16-07-2020,1
17-07-2020,0
20-07-2020,1
21-07-2020,0
22-07-2020,0
23-07-2020,0
24-07-2020,0
27-07-2020,0
28-07-2020,0
29-07-2020,0
30-07-2020,0
31-07-2020,0
03-08-2020,0
04-08-2020,0
05-08-2020,0
06-08-2020,0
07-08-2020,0
10-08-2020,0
11-08-2020,1
12-08-2020,1
13-08-2020,0
14-08-2020,0
17-08-2020,1
18-08-2020,0
19-08-2020,0
20-08-2020,1
21-08-2020,0
24-08-2020,0
25-08-2020,0
26-08-2020,0
27-08-2020,0
28-08-2020,0
31-08-2020,0
01-09-2020,0
02-09-2020,0
03-09-2020,0
04-09-2020,2
07-09-2020,1
08-09-2020,0
09-09-2020,0
10-09-2020,0
11-09-2020,0
14-09-2020,0
15-09-2020,0
16-09-2020,0
17-09-2020,2
18-09-2020,0
21-09-2020,0
22-09-2020,0
23-09-2020,0
24-09-2020,0
25-09-2020,0
28-09-2020,0
29-09-2020,0
30-09-2020,1
01-10-2020,0
05-10-2020,0
06-10-2020,0
07-10-2020,0
08-10-2020,0
09-10-2020,0
12-10-2020,0
13-10-2020,1
14-10-2020,0
15-10-2020,0
16-10-2020,0
19-10-2020,1
20-10-2020,0
21-10-2020,0
22-10-2020,1
23-10-2020,0
26-10-2020,0
27-10-2020,0
28-10-2020,0
29-10-2020,0
30-10-2020,0
02-11-2020,1
03-11-2020,0
04-11-2020,0
05-11-2020,0
06-11-2020,0
09-11-2020,0
10-11-2020,0
11-11-2020,0
12-11-2020,1
13-11-2020,0
14-11-2020,0
17-11-2020,0
18-11-2020,0
19-11-2020,0
20-11-2020,0
23-11-2020,1
24-11-2020,0
25-11-2020,0
26-11-2020,0
27-11-2020,0
01-12-2020,1
02-12-2020,1
03-12-2020,0
04-12-2020,0
07-12-2020,0
08-12-2020,1
09-12-2020,0
10-12-2020,1
11-12-2020,1
14-12-2020,1
15-12-2020,1
16-12-2020,1
17-12-2020,0
18-12-2020,1
21-12-2020,0
22-12-2020,0
23-12-2020,0
24-12-2020,0
28-12-2020,0
29-12-2020,1
30-12-2020,1
31-12-2020,1
01-01-2021,0
04-01-2021,1
05-01-2021,0
06-01-2021,0
07-01-2021,0
08-01-2021,0
11-01-2021,1
12-01-2021,0
13-01-2021,0
14-01-2021,0
15-01-2021,0
18-01-2021,0
19-01-2021,0
20-01-2021,0
21-01-2021,0
22-01-2021,0
25-01-2021,0
27-01-2021,0
28-01-2021,0
29-01-2021,0
01-02-2021,0
02-02-2021,0
03-02-2021,0
04-02-2021,0
05-02-2021,1
08-02-2021,0
09-02-2021,0
10-02-2021,1
11-02-2021,0
12-02-2021,1
15-02-2021,0
16-02-2021,0
17-02-2021,0
18-02-2021,0
19-02-2021,0
22-02-2021,0
23-02-2021,0
24-02-2021,0
25-02-2021,2
26-02-2021,0
01-03-2021,0
02-03-2021,0
03-03-2021,0
04-03-2021,2
05-03-2021,0
08-03-2021,2
09-03-2021,1
10-03-2021,1
12-03-2021,0
15-03-2021,0
16-03-2021,0
17-03-2021,0
18-03-2021,0
19-03-2021,0
22-03-2021,1
23-03-2021,0
24-03-2021,0
25-03-2021,0
26-03-2021,1
30-03-2021,0
31-03-2021,0
01-04-2021,0
05-04-2021,0
06-04-2021,1
07-04-2021,0
08-04-2021,0
09-04-2021,0
12-04-2021,0
13-04-2021,0
15-04-2021,1
16-04-2021,0
19-04-2021,1
20-04-2021,0
22-04-2021,0
23-04-2021,0
26-04-2021,2
27-04-2021,0
28-04-2021,0
29-04-2021,0
30-04-2021,0
03-05-2021,0
04-05-2021,0
05-05-2021,1
06-05-2021,0
07-05-2021,1
10-05-2021,1
11-05-2021,0
12-05-2021,0
14-05-2021,0
17-05-2021,0
18-05-2021,0
19-05-2021,2
20-05-2021,0
21-05-2021,0
24-05-2021,1
25-05-2021,0
26-05-2021,0
27-05-2021,1
28-05-2021,2
31-05-2021,0
01-06-2021,0
02-06-2021,0
03-06-2021,0
04-06-2021,0
07-06-2021,0
08-06-2021,0
09-06-2021,0
10-06-2021,0
11-06-2021,1
14-06-2021,1
15-06-2021,1
16-06-2021,0
17-06-2021,0
18-06-2021,1
21-06-2021,0
22-06-2021,0
23-06-2021,0
24-06-2021,0
25-06-2021,1
28-06-2021,0
29-06-2021,0
30-06-2021,0
01-07-2021,0
02-07-2021,1
05-07-2021,0
06-07-2021,0
07-07-2021,0
